"";"study";".g";".g_se";"condition_arm1";"condition_arm2";"multi_arm1";"multi_arm2";"outcome_type";"sample";"instrument";"rating";"time";"depanx";"mean_arm1";"sd_arm1";"n_arm1";"mean_arm2";"sd_arm2";"n_arm2";"precalc_g";"precalc_g_se";"dich";"dich_type";"event_arm1";"event_arm2";"totaln_arm1";"totaln_arm2";"mean_change_arm1";"sd_change_arm1";"n_change_arm1";"mean_change_arm2";"sd_change_arm2";"n_change_arm2";"baseline_m_arm1";"baseline_sd_arm1";"baseline_n_arm1";"baseline_m_arm2";"baseline_sd_arm2";"baseline_n_arm2";"other_statistic";"time_weeks";"year";"comorbid_mental";"format";"format_details";"n_sessions_arm1";"country";"age_group";"mean_age";"percent_women";"recruitment";"diagnosis";"target_group";"sg";"ac";"ba";"itt";"rob";"no.arms";"is.multiarm";"primary";"notes";"full_ref";".id";".log_rr";".log_rr_se";".event_arm1";".event_arm2";".totaln_arm1";".totaln_arm2"
"1";"Ali, 2003";"0,61";"0,16";"other psy";"cau";NA;NA;"msd";"co";"AKUADS";"self-report";"post";"mix";1844;"7,88";70;234;"8,29";91;NA;NA;NA;NA;NA;NA;124;150;NA;NA;NA;NA;NA;NA;2801;"7,88";70;2862;"8,97";91;NA;NA;2003;"n";"ind";NA;8;"oth";"adul";NA;"1";"oth";"cut";"oth";1;0;"sr";0;2;2;0;0;NA;"Ali BS, Rahbar MH, Naeem S, Gul A, Mubeen S, Iqbal A. The effectiveness of counseling on anxiety and depression by minimally trained counselors: a randomized controlled trial. American journal of psychotherapy. 2003;57(3):324-36.";"Ali_2003_otherpsy_cau_NA_NA_msd_AKUADS_self-report_post_NA";NA;NA;NA;NA;NA;NA
"2";"Bathgate, 2021";"0,72";"0,38";"cbt";"cau";NA;NA;"msd";"itt";"phq9";"self-report";"post";"dep";407;"2,95";14;713;"4,97";15;NA;NA;NA;NA;NA;NA;15;16;NA;NA;NA;NA;NA;NA;96;"5,3";15;906;"5,37";16;NA;NA;2021;"n";"tel";NA;6;"us";"adul";32;"0,81";"oth";"cut";"med";1;0;"sr";0;2;2;0;1;NA;"Bathgate CJ, Kilbourn KM, Murphy NH, Wamboldt FS, Holm KE. Pilot RCT of a telehealth intervention to reduce symptoms of depression and anxiety in adults with cystic fibrosis. Journal of Cystic Fibrosis. 2021.";"Bathgate_2021_cbt_cau_NA_NA_msd_phq9_self-report_post_NA";NA;NA;NA;NA;NA;NA
"3";"Bathgate, 2021";"0,92";"0,39";"cbt";"cau";NA;NA;"msd";"itt";"gad-7";"self-report";"post";"anx";421;"3,51";14;767;"3,75";15;NA;NA;NA;NA;NA;NA;15;16;NA;NA;NA;NA;NA;NA;933;"3,87";15;1006;"3,84";16;NA;NA;2021;"n";"tel";NA;6;"us";"adul";32;"0,81";"oth";"cut";"med";1;0;"sr";1;3;2;0;0;NA;"Bathgate CJ, Kilbourn KM, Murphy NH, Wamboldt FS, Holm KE. Pilot RCT of a telehealth intervention to reduce symptoms of depression and anxiety in adults with cystic fibrosis. Journal of Cystic Fibrosis. 2021.";"Bathgate_2021_cbt_cau_NA_NA_msd_gad-7_self-report_post_NA";NA;NA;NA;NA;NA;NA
"4";"Calleo, 2015";"0,22";"0,63";"cbt";"cau";NA;NA;"msd";"co";"hamd";"clinician";"post";"dep";1214;"7,84";7;1375;"3,1";4;NA;NA;NA;NA;NA;NA;10;6;NA;NA;NA;NA;NA;NA;1729;"8,3";7;115;"5,69";4;NA;NA;2015;"n";"oth";"ind or tel, patient preference";8;"us";"adul";63;"0,12";"oth";"mdd";"med";1;1;"1";0;3;2;0;1;NA;"Calleo JS, Amspoker AB, Sarwar AI, Kunik ME, Jankovic J, Marsh L, et al. A Pilot Study of a Cognitive-Behavioral Treatment for Anxiety and Depression in Patients with Parkinson Disease. Journal of Geriatric Psychiatry and Neurology. 2015;28(3):210-7.";"Calleo_2015_cbt_cau_NA_NA_msd_hamd_clinician_post_NA";NA;NA;NA;NA;NA;NA
"5";"Calleo, 2015";"0,01";"0,63";"cbt";"cau";NA;NA;"msd";"co";"hama";"clinician";"post";"anx";1843;"11,5";7;185;"5,69";4;NA;NA;NA;NA;NA;NA;10;6;NA;NA;NA;NA;NA;NA;2514;"10,42";7;165;"7,05";4;NA;NA;2015;"n";"oth";"ind or tel, patient preference";8;"us";"adul";63;"0,12";"oth";"mdd";"med";1;1;"1";0;3;2;0;0;NA;"Calleo JS, Amspoker AB, Sarwar AI, Kunik ME, Jankovic J, Marsh L, et al. A Pilot Study of a Cognitive-Behavioral Treatment for Anxiety and Depression in Patients with Parkinson Disease. Journal of Geriatric Psychiatry and Neurology. 2015;28(3):210-7.";"Calleo_2015_cbt_cau_NA_NA_msd_hama_clinician_post_NA";NA;NA;NA;NA;NA;NA
"6";"Compen, 2018";"0,40";"0,20";"3rd";"cau";"ftf MBCT";"cau";"msd";"itt";"hads";"self-report";"post";"mix";1369;"6,84";77;1648;"6,89";39;NA;NA;NA;NA;NA;NA;77;39;NA;NA;NA;NA;NA;NA;1881;"6,7";77;1704;"5,79";39;NA;NA;2018;"n";"grp";NA;8;"eu";"adul";52;"0,86";"com";"cut";"med";1;1;"1";1;4;3;1;0;NA;"Compen F, Bisseling E, Schellekens M, Donders R, Carlson L, van der Lee M, et al. Face-to-face and internet-based mindfulness-based cognitive therapy compared with treatment as usual in reducing psychological distress in patients with cancer: A multicenter randomized controlled trial. Journal of Clinical Oncology. 2018;36(23):2413-21.";"Compen_2018_3rd_cau_ftfMBCT_cau_msd_hads_self-report_post_NA";NA;NA;NA;NA;NA;NA
"7";"Compen, 2018";"0,69";"0,20";"3rd";"cau";"internet MBCT";"cau";"msd";"itt";"hads";"self-report";"post";"mix";1188;"6,55";90;1648;"6,89";39;NA;NA;NA;NA;NA;NA;90;39;NA;NA;NA;NA;NA;NA;1724;"7,07";90;1704;"5,79";39;NA;NA;2018;"n";"gsh";NA;8;"eu";"adul";52;"0,86";"com";"cut";"med";1;1;"1";1;4;3;1;0;NA;"Compen F, Bisseling E, Schellekens M, Donders R, Carlson L, van der Lee M, et al. Face-to-face and internet-based mindfulness-based cognitive therapy compared with treatment as usual in reducing psychological distress in patients with cancer: A multicenter randomized controlled trial. Journal of Clinical Oncology. 2018;36(23):2413-21.";"Compen_2018_3rd_cau_internetMBCT_cau_msd_hads_self-report_post_NA";NA;NA;NA;NA;NA;NA
"8";"Dao, 2011";"1,32";"0,23";"cbt";"cau";NA;NA;"msd";"itt";"stai";"self-report";"post";"anx";366;"10,9";48;49;"7,4";48;NA;NA;NA;NA;NA;NA;50;50;NA;NA;NA;NA;NA;NA;558;"11,8";50;554;"11,2";50;NA;NA;2011;"n";"ind";NA;4;"us";"adul";64;"0,22";"oth";"cut";"med";1;0;"sr";1;4;2;0;0;NA;"Dao TK, Youssef NA, Armsworth M, Wear E, Papathopoulos KN, Gopaldas R. Randomized controlled trial of brief cognitive behavioral intervention for depression and anxiety symptoms preoperatively in patients undergoing coronary artery bypass graft surgery. The Journal of thoracic and cardiovascular surgery. 2011;142(3):e109-15.";"Dao_2011_cbt_cau_NA_NA_msd_stai_self-report_post_NA";NA;NA;NA;NA;NA;NA
"9";"Dao, 2011";"0,83";"0,21";"cbt";"cau";NA;NA;"msd";"itt";"bdi-ii";"self-report";"post";"dep";159;"5,1";48;234;"11,6";48;NA;NA;NA;NA;NA;NA;50;50;NA;NA;NA;NA;NA;NA;23;"6,6";50;224;"6,2";50;NA;NA;2011;"n";"ind";NA;4;"us";"adul";64;"0,22";"oth";"cut";"med";1;0;"sr";1;4;2;0;1;NA;"Dao TK, Youssef NA, Armsworth M, Wear E, Papathopoulos KN, Gopaldas R. Randomized controlled trial of brief cognitive behavioral intervention for depression and anxiety symptoms preoperatively in patients undergoing coronary artery bypass graft surgery. The Journal of thoracic and cardiovascular surgery. 2011;142(3):e109-15.";"Dao_2011_cbt_cau_NA_NA_msd_bdi-ii_self-report_post_NA";NA;NA;NA;NA;NA;NA
"10";"Den Boer, 2007";"0,43";"0,17";"cbt";"cau";NA;NA;"msd";"co";"scl90-d";"self-report";"post";"dep";233;"0,86";70;272;"0,96";71;NA;NA;NA;NA;NA;NA;75;76;NA;NA;NA;NA;NA;NA;291;"0,76";75;324;"0,81";76;NA;NA;2007;"n";"oth";NA;10;"eu";"adul";41;"0,66";"clin";"mdd";"adul";1;1;"sr";1;4;2;0;0;NA;"den Boer PC, Wiersma D, Ten Vaarwerk I, Span MM, Stant AD, Van den Bosch RJ. Cognitive self-therapy for chronic depression and anxiety: a multi-centre randomized controlled study. Psychological medicine. 2007;37(3):329-39.";"DenBoer_2007_cbt_cau_NA_NA_msd_scl90-d_self-report_post_NA";NA;NA;NA;NA;NA;NA
"11";"Den Boer, 2007";"0,38";"0,17";"cbt";"cau";NA;NA;"msd";"co";"scl90-a";"self-report";"post";"anx";205;"0,8";70;24;"1,03";71;NA;NA;NA;NA;NA;NA;75;76;NA;NA;NA;NA;NA;NA;244;"0,83";75;271;"0,92";76;NA;NA;2007;"n";"oth";NA;10;"eu";"adul";41;"0,66";"clin";"mdd";"adul";1;1;"sr";1;4;2;0;0;NA;"den Boer PC, Wiersma D, Ten Vaarwerk I, Span MM, Stant AD, Van den Bosch RJ. Cognitive self-therapy for chronic depression and anxiety: a multi-centre randomized controlled study. Psychological medicine. 2007;37(3):329-39.";"DenBoer_2007_cbt_cau_NA_NA_msd_scl90-a_self-report_post_NA";NA;NA;NA;NA;NA;NA
"12";"Den Boer, 2007";"0,19";"0,17";"cbt";"cau";NA;NA;"msd";"co";"bdi";"self-report";"post";"dep";175;"10";70;196;"11,5";71;NA;NA;NA;NA;NA;NA;75;76;NA;NA;NA;NA;NA;NA;224;"9,1";75;25;"10,1";76;NA;NA;2007;"n";"oth";NA;10;"eu";"adul";41;"0,66";"clin";"mdd";"adul";1;1;"sr";1;4;2;0;1;NA;"den Boer PC, Wiersma D, Ten Vaarwerk I, Span MM, Stant AD, Van den Bosch RJ. Cognitive self-therapy for chronic depression and anxiety: a multi-centre randomized controlled study. Psychological medicine. 2007;37(3):329-39.";"DenBoer_2007_cbt_cau_NA_NA_msd_bdi_self-report_post_NA";NA;NA;NA;NA;NA;NA
"13";"Den Boer, 2007";"0,28";"0,17";"cbt";"cau";NA;NA;"msd";"co";"stai-state";"self-report";"post";"anx";482;"12,6";70;52;"13,9";69;NA;NA;NA;NA;NA;NA;75;76;NA;NA;NA;NA;NA;NA;539;"10,6";74;56;"13";76;NA;NA;2007;"n";"oth";NA;10;"eu";"adul";41;"0,66";"clin";"mdd";"adul";1;1;"sr";1;4;2;0;0;NA;"den Boer PC, Wiersma D, Ten Vaarwerk I, Span MM, Stant AD, Van den Bosch RJ. Cognitive self-therapy for chronic depression and anxiety: a multi-centre randomized controlled study. Psychological medicine. 2007;37(3):329-39.";"DenBoer_2007_cbt_cau_NA_NA_msd_stai-state_self-report_post_NA";NA;NA;NA;NA;NA;NA
"14";"Den Boer, 2007";"0,31";"0,17";"cbt";"cau";NA;NA;"msd";"co";"stai-trait";"self-report";"post";"anx";528;"11,4";70;567;"13,9";69;NA;NA;NA;NA;NA;NA;75;76;NA;NA;NA;NA;NA;NA;602;"8";74;623;"9,8";76;NA;NA;2007;"n";"oth";NA;10;"eu";"adul";41;"0,66";"clin";"mdd";"adul";1;1;"sr";1;4;2;0;0;NA;"den Boer PC, Wiersma D, Ten Vaarwerk I, Span MM, Stant AD, Van den Bosch RJ. Cognitive self-therapy for chronic depression and anxiety: a multi-centre randomized controlled study. Psychological medicine. 2007;37(3):329-39.";"DenBoer_2007_cbt_cau_NA_NA_msd_stai-trait_self-report_post_NA";NA;NA;NA;NA;NA;NA
"15";"Diaz, 2021";"1,18";"0,22";"other psy";"wl";"tibp";"wl";"msd";"co";"bdi-ii";"self-report";"post";"dep";1176;"9,02";45;2609;"13,99";55;NA;NA;NA;NA;NA;NA;71;36;NA;NA;NA;NA;NA;NA;2535;"11,33";71;2631;"12,42";55;NA;NA;2021;"n";"gsh";NA;12;"eu";"adul";34;"0,72";"com";"mdd";"adul";1;1;"sr";1;4;3;1;1;"2.8% had OCD";"Díaz-García A, González-Robles A, García-Palacios A, Fernández-Álvarez J, Castilla D, Bretón JM, et al. Negative and Positive Affect Regulation in a Transdiagnostic Internet-Based Protocol for Emotional Disorders: Randomized Controlled Trial. J Med Internet Res. 2021;23(2):e21335.";"Diaz_2021_otherpsy_wl_tibp_wl_msd_bdi-ii_self-report_post_NA";NA;NA;NA;NA;NA;NA
"16";"Diaz, 2021";"0,64";"0,21";"other psy";"wl";"tibp";"wl";"msd";"co";"bai";"self-report";"post";"anx";1346;"10,26";45;2167;"14,41";55;NA;NA;NA;NA;NA;NA;71;36;NA;NA;NA;NA;NA;NA;2114;"12,1";71;2187;"12,56";55;NA;NA;2021;"n";"gsh";NA;12;"eu";"adul";34;"0,72";"com";"mdd";"adul";1;1;"sr";1;4;3;1;0;NA;"Díaz-García A, González-Robles A, García-Palacios A, Fernández-Álvarez J, Castilla D, Bretón JM, et al. Negative and Positive Affect Regulation in a Transdiagnostic Internet-Based Protocol for Emotional Disorders: Randomized Controlled Trial. J Med Internet Res. 2021;23(2):e21335.";"Diaz_2021_otherpsy_wl_tibp_wl_msd_bai_self-report_post_NA";NA;NA;NA;NA;NA;NA
"17";"Diaz, 2021";"1,05";"0,21";"other psy";"wl";"tibp+pa";"wl";"msd";"co";"bdi-ii";"self-report";"post";"dep";1278;"10,76";46;2609;"13,99";55;NA;NA;NA;NA;NA;NA;73;36;NA;NA;NA;NA;NA;NA;2907;"11,33";73;2631;"12,42";55;NA;NA;2021;"n";"gsh";NA;16;"eu";"adul";34;"0,72";"com";"mdd";"adul";1;1;"sr";1;4;3;1;1;NA;"Díaz-García A, González-Robles A, García-Palacios A, Fernández-Álvarez J, Castilla D, Bretón JM, et al. Negative and Positive Affect Regulation in a Transdiagnostic Internet-Based Protocol for Emotional Disorders: Randomized Controlled Trial. J Med Internet Res. 2021;23(2):e21335.";"Diaz_2021_otherpsy_wl_tibp+pa_wl_msd_bdi-ii_self-report_post_NA";NA;NA;NA;NA;NA;NA
"18";"Diaz, 2021";"0,68";"0,21";"other psy";"wl";"tibp+pa";"wl";"msd";"co";"bai";"self-report";"post";"anx";1297;"10,33";46;2167;"14,41";55;NA;NA;NA;NA;NA;NA;73;36;NA;NA;NA;NA;NA;NA;2358;"11,5";73;2187;"12,56";55;NA;NA;2021;"n";"gsh";NA;16;"eu";"adul";34;"0,72";"com";"mdd";"adul";1;1;"sr";1;4;3;1;0;NA;"Díaz-García A, González-Robles A, García-Palacios A, Fernández-Álvarez J, Castilla D, Bretón JM, et al. Negative and Positive Affect Regulation in a Transdiagnostic Internet-Based Protocol for Emotional Disorders: Randomized Controlled Trial. J Med Internet Res. 2021;23(2):e21335.";"Diaz_2021_otherpsy_wl_tibp+pa_wl_msd_bai_self-report_post_NA";NA;NA;NA;NA;NA;NA
"19";"Doyle, 2017";"-0,11";"0,19";"cbt";"other ctr";NA;NA;"msd";"itt";"bai";"self-report";"post";"anx";184;"11,8";54;172;"10";56;NA;NA;NA;NA;NA;NA;54;56;NA;NA;NA;NA;NA;NA;20;"11,2";54;209;"10,4";56;NA;NA;2017;"n";"tel";NA;8;"au";"adul";68;"0,65";"com";"cut";"med";1;1;"sr";1;4;2;0;0;NA;"Doyle C, Bhar S, Fearn M, Ames D, Osborne D, You E, et al. The impact of telephone-delivered cognitive behaviour therapy and befriending on mood disorders in people with chronic obstructive pulmonary disease: a randomized controlled trial. British journal of health psychology [Internet]. 2017. Available from: http://onlinelibrary.wiley.com/o/cochrane/clcentral/articles/597/CN-01402597/frame.html";"Doyle_2017_cbt_otherctr_NA_NA_msd_bai_self-report_post_NA";NA;NA;NA;NA;NA;NA
"20";"Doyle, 2017";"-0,01";"0,19";"cbt";"other ctr";NA;NA;"msd";"itt";"phq9";"self-report";"post";"dep";96;"6";54;95;"7,6";56;NA;NA;NA;NA;NA;NA;54;56;NA;NA;NA;NA;NA;NA;126;"6";54;112;"6,8";56;NA;NA;2017;"n";"tel";NA;8;"au";"adul";68;"0,65";"com";"cut";"med";1;1;"sr";1;4;2;0;1;NA;"Doyle C, Bhar S, Fearn M, Ames D, Osborne D, You E, et al. The impact of telephone-delivered cognitive behaviour therapy and befriending on mood disorders in people with chronic obstructive pulmonary disease: a randomized controlled trial. British journal of health psychology [Internet]. 2017. Available from: http://onlinelibrary.wiley.com/o/cochrane/clcentral/articles/597/CN-01402597/frame.html";"Doyle_2017_cbt_otherctr_NA_NA_msd_phq9_self-report_post_NA";NA;NA;NA;NA;NA;NA
"21";"Ezegbe, 2019";"3,51";"0,43";"cbt";"wl";NA;NA;"msd";"itt";"smgad-a";"self-report";"post";"anx";1075;"3,35";28;3322;"8,35";27;NA;NA;NA;NA;NA;NA;28;27;NA;NA;NA;NA;NA;NA;2368;"0,47";28;2352;"0,51";27;NA;NA;2019;"n";"grp";NA;20;"oth";"yadul";21;"0,64";"oth";"cut";"stud";1;0;"sr";1;3;2;0;0;NA;"Ezegbe BN, Eseadi C, Ede MO, Igbo JN, Anyanwu JI, Ede KR, et al. Impacts of cognitive-behavioral intervention on anxiety and depression among social science education students: A randomized controlled trial. Medicine (Baltimore). 2019;98(15):e14935-e.";"Ezegbe_2019_cbt_wl_NA_NA_msd_smgad-a_self-report_post_NA";NA;NA;NA;NA;NA;NA
"22";"Ezegbe, 2019";"6,34";"0,67";"cbt";"wl";NA;NA;"msd";"itt";"Golberg";"self-report";"post";"dep";1468;"1,63";28;6767;"11,64";27;NA;NA;NA;NA;NA;NA;28;27;NA;NA;NA;NA;NA;NA;6857;"10,06";28;6811;"9,94";27;NA;NA;2019;"n";"grp";NA;20;"oth";"yadul";21;"0,64";"oth";"cut";"stud";1;0;"sr";1;3;2;0;1;NA;"Ezegbe BN, Eseadi C, Ede MO, Igbo JN, Anyanwu JI, Ede KR, et al. Impacts of cognitive-behavioral intervention on anxiety and depression among social science education students: A randomized controlled trial. Medicine (Baltimore). 2019;98(15):e14935-e.";"Ezegbe_2019_cbt_wl_NA_NA_msd_Golberg_self-report_post_NA";NA;NA;NA;NA;NA;NA
"23";"Fernandez, 2020";"0,89";"0,46";"3rd";"wl";NA;NA;"msd";"co";"hads-a";"self-report";"post";"anx";75;"3,87";12;1068;"2,75";9;NA;NA;NA;NA;NA;NA;17;14;NA;NA;NA;NA;NA;NA;1324;"2,49";12;1194;"2,61";9;NA;NA;2020;"n";"grp";NA;12;"eu";"adul";51;"0,94";"oth";"cut";"med";1;0;"sr";0;1;3;1;0;NA;"Fernández-Rodríguez C, González-Fernández S, Coto-Lesmes R, Pedrosa I. Behavioral Activation and Acceptance and Commitment Therapy in the Treatment of Anxiety and Depression in Cancer Survivors: A Randomized Clinical Trial. Behavior modification. 2020:145445520916441.";"Fernandez_2020_3rd_wl_NA_NA_msd_hads-a_self-report_post_NA";NA;NA;NA;NA;NA;NA
"24";"Fernandez, 2020";"0,37";"0,44";"3rd";"wl";NA;NA;"msd";"co";"hads-d";"self-report";"post";"dep";558;"3,45";12;697;"3,77";9;NA;NA;NA;NA;NA;NA;17;14;NA;NA;NA;NA;NA;NA;935;"4,57";12;758;"4,46";9;NA;NA;2020;"n";"grp";NA;12;"eu";"adul";51;"0,94";"oth";"cut";"med";1;0;"sr";0;1;3;1;0;NA;"Fernández-Rodríguez C, González-Fernández S, Coto-Lesmes R, Pedrosa I. Behavioral Activation and Acceptance and Commitment Therapy in the Treatment of Anxiety and Depression in Cancer Survivors: A Randomized Clinical Trial. Behavior modification. 2020:145445520916441.";"Fernandez_2020_3rd_wl_NA_NA_msd_hads-d_self-report_post_NA";NA;NA;NA;NA;NA;NA
"25";"Fernandez, 2020";"0,27";"0,44";"3rd";"wl";NA;NA;"msd";"co";"bdi-iabbr";"self-report";"post";"dep";7;"4,49";12;84;"5,51";9;NA;NA;NA;NA;NA;NA;17;14;NA;NA;NA;NA;NA;NA;13;"5";12;1194;"2,61";9;NA;NA;2020;"n";"grp";NA;12;"eu";"adul";51;"0,94";"oth";"cut";"med";1;0;"sr";0;1;3;1;1;NA;"Fernández-Rodríguez C, González-Fernández S, Coto-Lesmes R, Pedrosa I. Behavioral Activation and Acceptance and Commitment Therapy in the Treatment of Anxiety and Depression in Cancer Survivors: A Randomized Clinical Trial. Behavior modification. 2020:145445520916441.";"Fernandez_2020_3rd_wl_NA_NA_msd_bdi-iabbr_self-report_post_NA";NA;NA;NA;NA;NA;NA
"26";"Fernandez, 2020";"1,19";"0,45";"bat";"wl";NA;NA;"msd";"co";"hads-a";"self-report";"post";"anx";659;"3,59";17;1068;"2,75";9;NA;NA;NA;NA;NA;NA;22;14;NA;NA;NA;NA;NA;NA;1205;"3,48";17;1194;"2,61";9;NA;NA;2020;"n";"grp";NA;12;"eu";"adul";51;"0,94";"oth";"cut";"med";1;0;"sr";0;1;3;1;0;NA;"Fernández-Rodríguez C, González-Fernández S, Coto-Lesmes R, Pedrosa I. Behavioral Activation and Acceptance and Commitment Therapy in the Treatment of Anxiety and Depression in Cancer Survivors: A Randomized Clinical Trial. Behavior modification. 2020:145445520916441.";"Fernandez_2020_bat_wl_NA_NA_msd_hads-a_self-report_post_NA";NA;NA;NA;NA;NA;NA
"27";"Fernandez, 2020";"0,76";"0,43";"bat";"wl";NA;NA;"msd";"co";"hads-d";"self-report";"post";"dep";429;"3,24";17;697;"3,77";9;NA;NA;NA;NA;NA;NA;22;14;NA;NA;NA;NA;NA;NA;855;"3,07";17;758;"4,46";9;NA;NA;2020;"n";"grp";NA;12;"eu";"adul";51;"0,94";"oth";"cut";"med";1;0;"sr";0;1;3;1;0;NA;"Fernández-Rodríguez C, González-Fernández S, Coto-Lesmes R, Pedrosa I. Behavioral Activation and Acceptance and Commitment Therapy in the Treatment of Anxiety and Depression in Cancer Survivors: A Randomized Clinical Trial. Behavior modification. 2020:145445520916441.";"Fernandez_2020_bat_wl_NA_NA_msd_hads-d_self-report_post_NA";NA;NA;NA;NA;NA;NA
"28";"Fernandez, 2020";"0,51";"0,42";"bat";"wl";NA;NA;"msd";"co";"bdi-iabbr";"self-report";"post";"dep";556;"5,3";17;84;"5,51";9;NA;NA;NA;NA;NA;NA;22;14;NA;NA;NA;NA;NA;NA;986;"5,29";17;779;"5,33";9;NA;NA;2020;"n";"grp";NA;12;"eu";"adul";51;"0,94";"oth";"cut";"med";1;0;"sr";0;1;3;1;1;NA;"Fernández-Rodríguez C, González-Fernández S, Coto-Lesmes R, Pedrosa I. Behavioral Activation and Acceptance and Commitment Therapy in the Treatment of Anxiety and Depression in Cancer Survivors: A Randomized Clinical Trial. Behavior modification. 2020:145445520916441.";"Fernandez_2020_bat_wl_NA_NA_msd_bdi-iabbr_self-report_post_NA";NA;NA;NA;NA;NA;NA
"29";"Gonzalez-Robles, 2020";"0,36";"0,14";"cbt";"cau";NA;NA;"msd";"itt";"bdi-ii";"self-report";"post";"dep";1554;"10,9";99;1985;"12,85";101;NA;NA;NA;NA;NA;NA;63;67;NA;NA;NA;NA;NA;NA;2349;"11,01";99;2408;"11,69";101;NA;NA;2020;"n";"gsh";NA;12;"eu";"adul";38;"0,69";"clin";"mdd";"adul";1;1;"sr";1;4;2;0;1;NA;"González-Robles, A., Díaz-García, A., García-Palacios, A., Roca, P., Ramos-Quiroga, J. A., & Botella, C. (2020). Effectiveness of a transdiagnostic guided internet-delivered protocol for emotional disorders versus treatment as usual in specialized care: randomized controlled trial. Journal of medical Internet research, 22(7), e18220.";"Gonzalez-Robles_2020_cbt_cau_NA_NA_msd_bdi-ii_self-report_post_NA";NA;NA;NA;NA;NA;NA
"30";"Gonzalez-Robles, 2020";"0,35";"0,14";"cbt";"cau";NA;NA;"msd";"itt";"bai";"self-report";"post";"anx";1508;"10,12";99;1888;"11,31";101;NA;NA;NA;NA;NA;NA;63;67;NA;NA;NA;NA;NA;NA;20;"11,88";99;2227;"12,93";101;NA;NA;2020;"n";"gsh";NA;12;"eu";"adul";38;"0,69";"clin";"mdd";"adul";1;1;"sr";1;4;2;0;1;NA;"González-Robles, A., Díaz-García, A., García-Palacios, A., Roca, P., Ramos-Quiroga, J. A., & Botella, C. (2020). Effectiveness of a transdiagnostic guided internet-delivered protocol for emotional disorders versus treatment as usual in specialized care: randomized controlled trial. Journal of medical Internet research, 22(7), e18220.";"Gonzalez-Robles_2020_cbt_cau_NA_NA_msd_bai_self-report_post_NA";NA;NA;NA;NA;NA;NA
"31";"Gunnarson, 2018";"-0,14";"0,19";"other psy";"cau";NA;NA;"other stat";"co";"madrs";"clinician";"post";"dep";NA;NA;55;NA;NA;52;"-0,142411016";"0,192285035";NA;NA;NA;NA;63;58;NA;NA;NA;NA;NA;NA;NA;NA;NA;NA;NA;NA;"p for difference of change: 0.46";NA;2018;"n";"ind";NA;5;"eu";"adul";42;"0,83";"oth";"mdd";"adul";1;1;"1";0;3;2;0;1;NA;"Birgitta Gunnarsson A, Wagman P, Hedin K, Hakansson C. Treatment of depression and/or anxiety - outcomes of a randomised controlled trial of the tree theme method(R) versus regular occupational therapy. BMC Psychol. 2018;6(1):25.";"Gunnarson_2018_otherpsy_cau_NA_NA_otherstat_madrs_clinician_post_NA";NA;NA;NA;NA;NA;NA
"32";"Gunnarson, 2018";"0,18";"0,19";"other psy";"cau";NA;NA;"other stat";"co";"scl90-d";"self-report";"post";"dep";NA;NA;55;NA;NA;52;"0,184073655";"0,192450244";NA;NA;NA;NA;63;58;NA;NA;NA;NA;NA;NA;NA;NA;NA;NA;NA;NA;"p for difference of change: 0.34";NA;2018;"n";"ind";NA;5;"eu";"adul";42;"0,83";"oth";"mdd";"adul";1;1;"1";0;3;2;0;0;NA;"Birgitta Gunnarsson A, Wagman P, Hedin K, Hakansson C. Treatment of depression and/or anxiety - outcomes of a randomised controlled trial of the tree theme method(R) versus regular occupational therapy. BMC Psychol. 2018;6(1):25.";"Gunnarson_2018_otherpsy_cau_NA_NA_otherstat_scl90-d_self-report_post_NA";NA;NA;NA;NA;NA;NA
"33";"Gunnarson, 2018";"-0,07";"0,19";"other psy";"cau";NA;NA;"other stat";"co";"scl90-a";"self-report";"post";"anx";NA;NA;55;NA;NA;52;"-0,066454272";"0,192092167";NA;NA;NA;NA;63;58;NA;NA;NA;NA;NA;NA;NA;NA;NA;NA;NA;NA;"p for difference of change: 0.73";NA;2018;"n";"ind";NA;5;"eu";"adul";42;"0,83";"oth";"mdd";"adul";1;1;"1";0;3;2;0;0;NA;"Birgitta Gunnarsson A, Wagman P, Hedin K, Hakansson C. Treatment of depression and/or anxiety - outcomes of a randomised controlled trial of the tree theme method(R) versus regular occupational therapy. BMC Psychol. 2018;6(1):25.";"Gunnarson_2018_otherpsy_cau_NA_NA_otherstat_scl90-a_self-report_post_NA";NA;NA;NA;NA;NA;NA
"34";"Gunnarson, 2018";"0,00";"0,19";"other psy";"cau";NA;NA;"other stat";"co";"hads-d";"self-report";"post";"dep";NA;NA;55;NA;NA;52;"0";"0,192038445";NA;NA;NA;NA;63;58;NA;NA;NA;NA;NA;NA;NA;NA;NA;NA;NA;NA;"p for difference of change: 1.00";NA;2018;"n";"ind";NA;5;"eu";"adul";42;"0,83";"oth";"mdd";"adul";1;1;"1";0;3;2;0;0;NA;"Birgitta Gunnarsson A, Wagman P, Hedin K, Hakansson C. Treatment of depression and/or anxiety - outcomes of a randomised controlled trial of the tree theme method(R) versus regular occupational therapy. BMC Psychol. 2018;6(1):25.";"Gunnarson_2018_otherpsy_cau_NA_NA_otherstat_hads-d_self-report_post_NA";NA;NA;NA;NA;NA;NA
"35";"Gunnarson, 2018";"0,09";"0,19";"other psy";"cau";NA;NA;"other stat";"co";"hads-a";"self-report";"post";"anx";NA;NA;55;NA;NA;52;"-0,092782059";"0,192143152";NA;NA;NA;NA;63;58;NA;NA;NA;NA;NA;NA;NA;NA;NA;NA;NA;NA;"p for difference of change: 0.63";NA;2018;"n";"ind";NA;5;"eu";"adul";42;"0,83";"oth";"mdd";"adul";1;1;"1";0;3;2;0;0;NA;"Birgitta Gunnarsson A, Wagman P, Hedin K, Hakansson C. Treatment of depression and/or anxiety - outcomes of a randomised controlled trial of the tree theme method(R) versus regular occupational therapy. BMC Psychol. 2018;6(1):25.";"Gunnarson_2018_otherpsy_cau_NA_NA_otherstat_hads-a_self-report_post_NA";NA;NA;NA;NA;NA;NA
"36";"Hamilton, 2020";"0,66";"0,43";"dyn";"cau";NA;NA;"msd";"co";"epds";"self-report";"post";"dep";97;"5,7";11;143;"7,6";12;NA;NA;NA;NA;NA;NA;20;19;NA;NA;NA;NA;NA;NA;176;"5,5";11;18;"6";12;NA;NA;2020;"n";"ind";NA;16;"au";"adul";31;"1";"oth";"cut";"ppd";0;0;"sr";0;1;2;0;1;NA;"Hamilton J, Saxon D, Best E, Glover V, Walters SJ, Kerr IB. A randomised, controlled pilot study of cognitive analytic therapy (CAT) for stressed pregnant women with underlying anxiety and depression in a routine health service setting. Clinical psychology & psychotherapy. 2020.";"Hamilton_2020_dyn_cau_NA_NA_msd_epds_self-report_post_NA";NA;NA;NA;NA;NA;NA
"37";"Hamilton, 2020";"0,45";"0,42";"dyn";"cau";NA;NA;"msd";"co";"stai-state";"self-report";"post";"anx";385;"13,8";11;457;"16,8";12;NA;NA;NA;NA;NA;NA;20;19;NA;NA;NA;NA;NA;NA;503;"10,8";11;528;"13,6";12;NA;NA;2020;"n";"ind";NA;16;"au";"adul";31;"1";"oth";"cut";"ppd";0;0;"sr";0;1;2;0;0;NA;"Hamilton J, Saxon D, Best E, Glover V, Walters SJ, Kerr IB. A randomised, controlled pilot study of cognitive analytic therapy (CAT) for stressed pregnant women with underlying anxiety and depression in a routine health service setting. Clinical psychology & psychotherapy. 2020.";"Hamilton_2020_dyn_cau_NA_NA_msd_stai-state_self-report_post_NA";NA;NA;NA;NA;NA;NA
"38";"Hamilton, 2020";"0,54";"0,43";"dyn";"cau";NA;NA;"msd";"co";"stai-trait";"self-report";"post";"anx";483;"12";11;564;"16,2";12;NA;NA;NA;NA;NA;NA;20;19;NA;NA;NA;NA;NA;NA;592;"8,9";11;623;"13,1";12;NA;NA;2020;"n";"ind";NA;16;"au";"adul";31;"1";"oth";"cut";"ppd";0;0;"sr";0;1;2;0;0;NA;"Hamilton J, Saxon D, Best E, Glover V, Walters SJ, Kerr IB. A randomised, controlled pilot study of cognitive analytic therapy (CAT) for stressed pregnant women with underlying anxiety and depression in a routine health service setting. Clinical psychology & psychotherapy. 2020.";"Hamilton_2020_dyn_cau_NA_NA_msd_stai-trait_self-report_post_NA";NA;NA;NA;NA;NA;NA
"39";"Heller, 2020";"-0,09";"0,18";"pst";"cau";NA;NA;"msd";"co";"cesd";"self-report";"post";"dep";195;"10,2";54;186;"9,4";65;NA;NA;NA;NA;NA;NA;79;80;NA;NA;NA;NA;NA;NA;288;"7,5";79;279;"9";80;NA;NA;2020;"n";"gsh";NA;5;"eu";"adul";32;"1";"com";"cut";"ppd";1;1;"sr";1;4;2;0;1;NA;"Heller HM, Hoogendoorn AW, Honig A, Broekman BFP, van Straten A. The Effectiveness of a Guided Internet-Based Tool for the Treatment of Depression and Anxiety in Pregnancy (MamaKits Online): Randomized Controlled Trial. Journal of medical Internet research. 2020;22(3):e15172.";"Heller_2020_pst_cau_NA_NA_msd_cesd_self-report_post_NA";NA;NA;NA;NA;NA;NA
"40";"Heller, 2020";"-0,11";"0,18";"pst";"cau";NA;NA;"msd";"co";"epds";"self-report";"post";"dep";95;"5,6";54;89;"5,5";65;NA;NA;NA;NA;NA;NA;79;80;NA;NA;NA;NA;NA;NA;143;"4,9";79;14;"4,9";80;NA;NA;2020;"n";"gsh";NA;5;"eu";"adul";32;"1";"com";"cut";"ppd";1;1;"sr";1;4;2;0;0;NA;"Heller HM, Hoogendoorn AW, Honig A, Broekman BFP, van Straten A. The Effectiveness of a Guided Internet-Based Tool for the Treatment of Depression and Anxiety in Pregnancy (MamaKits Online): Randomized Controlled Trial. Journal of medical Internet research. 2020;22(3):e15172.";"Heller_2020_pst_cau_NA_NA_msd_epds_self-report_post_NA";NA;NA;NA;NA;NA;NA
"41";"Heller, 2020";"0,05";"0,17";"pst";"cau";NA;NA;"msd";"co";"hads-a";"self-report";"post";"anx";84;"4,2";79;86;"3,7";65;NA;NA;NA;NA;NA;NA;79;80;NA;NA;NA;NA;NA;NA;114;"3,5";79;119;"3,4";80;NA;NA;2020;"n";"gsh";NA;5;"eu";"adul";32;"1";"com";"cut";"ppd";1;1;"sr";1;4;2;0;0;NA;"Heller HM, Hoogendoorn AW, Honig A, Broekman BFP, van Straten A. The Effectiveness of a Guided Internet-Based Tool for the Treatment of Depression and Anxiety in Pregnancy (MamaKits Online): Randomized Controlled Trial. Journal of medical Internet research. 2020;22(3):e15172.";"Heller_2020_pst_cau_NA_NA_msd_hads-a_self-report_post_NA";NA;NA;NA;NA;NA;NA
"42";"Hynninen, 2010";"0,69";"0,29";"cbt";"cau";NA;NA;"msd";"itt";"bai";"self-report";"post";"anx";127;"6,8";25;187;"10";26;NA;NA;NA;NA;NA;NA;25;26;NA;NA;NA;NA;NA;NA;175;"7,3";25;175;"9,5";26;NA;NA;2010;"n";"grp";NA;7;"eu";"adul";61;"0,51";"com";"cut";"med";0;1;"sr";1;3;2;0;0;NA;"Hynninen MJ, Bjerke N, Pallesen S, Bakke PS, Nordhus IH. A randomized controlled trial of cognitive behavioral therapy for anxiety and depression in COPD. Respiratory medicine. 2010;104(7):986-94.";"Hynninen_2010_cbt_cau_NA_NA_msd_bai_self-report_post_NA";NA;NA;NA;NA;NA;NA
"43";"Hynninen, 2010";"0,53";"0,29";"cbt";"cau";NA;NA;"msd";"itt";"bdi-ii";"self-report";"post";"dep";148;"7,8";25;195;"9,4";26;NA;NA;NA;NA;NA;NA;25;26;NA;NA;NA;NA;NA;NA;207;"8,6";25;205;"9,7";26;NA;NA;2010;"n";"grp";NA;7;"eu";"adul";61;"0,51";"com";"cut";"med";0;1;"sr";1;3;2;0;1;NA;"Hynninen MJ, Bjerke N, Pallesen S, Bakke PS, Nordhus IH. A randomized controlled trial of cognitive behavioral therapy for anxiety and depression in COPD. Respiratory medicine. 2010;104(7):986-94.";"Hynninen_2010_cbt_cau_NA_NA_msd_bdi-ii_self-report_post_NA";NA;NA;NA;NA;NA;NA
"44";"Johansson, 2013";"0,76";"0,21";"dyn";"other ctr";NA;NA;"msd";"itt";"phq9";"self-report";"post";"dep";632;"4,2";50;1026;"5,9";50;NA;NA;NA;NA;NA;NA;50;50;NA;NA;NA;NA;NA;NA;139;"3,6";50;1396;"4,7";50;NA;NA;2013;"n";"gsh";NA;8;"eu";"adul";45;"0,82";"com";"mdd";"adul";1;1;"sr";1;4;2;0;1;"separate data for depr and anxiety available";"Johansson R, Bjorklund M, Hornborg C, Karlsson S, Hesser H, Ljotsson BL, et al. Affect-focused psychodynamic psychotherapy for depression and anxiety through the internet: A randomized controlled trial. PeerJ. 2013;2013(1).";"Johansson_2013_dyn_otherctr_NA_NA_msd_phq9_self-report_post_NA";NA;NA;NA;NA;NA;NA
"45";"Johansson, 2013";"0,48";"0,20";"dyn";"other ctr";NA;NA;"msd";"itt";"gad-7";"self-report";"post";"anx";612;"4,5";50;84;"5";50;NA;NA;NA;NA;NA;NA;50;50;NA;NA;NA;NA;NA;NA;1146;"4";50;1226;"4,2";50;NA;NA;2013;"n";"gsh";NA;8;"eu";"adul";45;"0,82";"com";"mdd";"adul";1;1;"sr";1;4;2;0;0;"separate data for depr and anxiety available";"Johansson R, Bjorklund M, Hornborg C, Karlsson S, Hesser H, Ljotsson BL, et al. Affect-focused psychodynamic psychotherapy for depression and anxiety through the internet: A randomized controlled trial. PeerJ. 2013;2013(1).";"Johansson_2013_dyn_otherctr_NA_NA_msd_gad-7_self-report_post_NA";NA;NA;NA;NA;NA;NA
"46";"Kladnitski, 2020";"0,89";"0,33";"cbt";"cau";"iCBT";"cau";"msd";"itt";"phq9";"self-report";"post";"dep";751;"5";39;1204;"5,04";13;NA;NA;NA;NA;NA;NA;39;13;NA;NA;NA;NA;NA;NA;1328;"4,5";39;1274;"4,5";13;NA;NA;2020;"n";"gsh";NA;6;"au";"adul";39;"0,86";"com";"mdd";"adul";1;1;"sr";1;4;3;1;1;"a few had OCD, still included";"Kladnitski N, Smith J, Uppal S, James MA, Allen AR, Andrews G, et al. Transdiagnostic internet-delivered CBT and mindfulness-based treatment for depression and anxiety: A randomised controlled trial. Internet Interventions. 2020;20.";"Kladnitski_2020_cbt_cau_iCBT_cau_msd_phq9_self-report_post_NA";NA;NA;NA;NA;NA;NA
"47";"Kladnitski, 2020";"1,07";"0,34";"cbt";"cau";"iCBT";"cau";"msd";"itt";"gad-7";"self-report";"post";"anx";589;"4,68";39;1098;"4,75";13;NA;NA;NA;NA;NA;NA;39;13;NA;NA;NA;NA;NA;NA;1123;"5,11";39;1251;"5,11";13;NA;NA;2020;"n";"gsh";NA;6;"au";"adul";39;"0,86";"com";"mdd";"adul";1;1;"sr";1;4;3;1;0;NA;"Kladnitski N, Smith J, Uppal S, James MA, Allen AR, Andrews G, et al. Transdiagnostic internet-delivered CBT and mindfulness-based treatment for depression and anxiety: A randomised controlled trial. Internet Interventions. 2020;20.";"Kladnitski_2020_cbt_cau_iCBT_cau_msd_gad-7_self-report_post_NA";NA;NA;NA;NA;NA;NA
"48";"Kladnitski, 2020";"1,16";"0,34";"3rd";"cau";"MBCT";"cau";"msd";"itt";"phq9";"self-report";"post";"dep";621;"4,91";40;1204;"5,04";13;NA;NA;NA;NA;NA;NA;40;13;NA;NA;NA;NA;NA;NA;1286;"4,5";40;1274;"4,5";13;NA;NA;2020;"n";"gsh";NA;6;"au";"adul";39;"0,86";"com";"mdd";"adul";1;1;"sr";1;4;3;1;1;NA;"Kladnitski N, Smith J, Uppal S, James MA, Allen AR, Andrews G, et al. Transdiagnostic internet-delivered CBT and mindfulness-based treatment for depression and anxiety: A randomised controlled trial. Internet Interventions. 2020;20.";"Kladnitski_2020_3rd_cau_MBCT_cau_msd_phq9_self-report_post_NA";NA;NA;NA;NA;NA;NA
"49";"Kladnitski, 2020";"1,24";"0,34";"3rd";"cau";"MBCT";"cau";"msd";"itt";"gad-7";"self-report";"post";"anx";515;"4,61";40;1098;"4,75";13;NA;NA;NA;NA;NA;NA;40;13;NA;NA;NA;NA;NA;NA;1069;"5,11";40;1251;"5,11";13;NA;NA;2020;"n";"gsh";NA;6;"au";"adul";39;"0,86";"com";"mdd";"adul";1;1;"sr";1;4;3;1;0;NA;"Kladnitski N, Smith J, Uppal S, James MA, Allen AR, Andrews G, et al. Transdiagnostic internet-delivered CBT and mindfulness-based treatment for depression and anxiety: A randomised controlled trial. Internet Interventions. 2020;20.";"Kladnitski_2020_3rd_cau_MBCT_cau_msd_gad-7_self-report_post_NA";NA;NA;NA;NA;NA;NA
"50";"Kladnitski, 2020";"0,83";"0,33";"other psy";"cau";"mindf";"cau";"msd";"itt";"phq9";"self-report";"post";"dep";787;"4,89";40;1204;"5,04";13;NA;NA;NA;NA;NA;NA;40;13;NA;NA;NA;NA;NA;NA;1336;"4,5";40;1274;"4,5";13;NA;NA;2020;"n";"gsh";NA;6;"au";"adul";39;"0,86";"com";"mdd";"adul";1;1;"sr";1;4;3;1;1;NA;"Kladnitski N, Smith J, Uppal S, James MA, Allen AR, Andrews G, et al. Transdiagnostic internet-delivered CBT and mindfulness-based treatment for depression and anxiety: A randomised controlled trial. Internet Interventions. 2020;20.";"Kladnitski_2020_otherpsy_cau_mindf_cau_msd_phq9_self-report_post_NA";NA;NA;NA;NA;NA;NA
"51";"Kladnitski, 2020";"1,01";"0,33";"other psy";"cau";"mindf";"cau";"msd";"itt";"gad-7";"self-report";"post";"anx";626;"4,56";40;1098;"4,75";13;NA;NA;NA;NA;NA;NA;40;13;NA;NA;NA;NA;NA;NA;1133;"5,11";40;1251;"5,11";13;NA;NA;2020;"n";"gsh";NA;6;"au";"adul";39;"0,86";"com";"mdd";"adul";1;1;"sr";1;4;3;1;0;NA;"Kladnitski N, Smith J, Uppal S, James MA, Allen AR, Andrews G, et al. Transdiagnostic internet-delivered CBT and mindfulness-based treatment for depression and anxiety: A randomised controlled trial. Internet Interventions. 2020;20.";"Kladnitski_2020_otherpsy_cau_mindf_cau_msd_gad-7_self-report_post_NA";NA;NA;NA;NA;NA;NA
"52";"Kunik, 2008";"0,03";"0,18";"cbt";"other ctr";NA;NA;"msd";"itt";"bdi-ii";"self-report";"post";"dep";1419;"13,69";60;1454;"13,47";63;NA;NA;NA;NA;NA;NA;118;120;NA;NA;NA;NA;NA;NA;2344;"12,49";118;2112;"12,09";120;NA;NA;2008;"n";"grp";NA;8;"us";"adul";66;"0,04";"com";"cut";"med";1;0;"sr";1;3;2;0;1;NA;"Kunik ME, Veazey C, Cully JA, Souchek J, Graham DP, Hopko D, et al. COPD education and cognitive behavioral therapy group treatment for clinically significant symptoms of depression and anxiety in COPD patients: a randomized controlled trial. Psychological medicine. 2008;38(3):385-96.";"Kunik_2008_cbt_otherctr_NA_NA_msd_bdi-ii_self-report_post_NA";NA;NA;NA;NA;NA;NA
"53";"Kunik, 2008";"0,11";"0,18";"cbt";"other ctr";NA;NA;"msd";"itt";"bai";"self-report";"post";"anx";1589;"14,87";60;1746;"14,54";63;NA;NA;NA;NA;NA;NA;118;120;NA;NA;NA;NA;NA;NA;2267;"14,22";118;2305;"13,86";120;NA;NA;2008;"n";"grp";NA;8;"us";"adul";66;"0,04";"com";"cut";"med";1;0;"sr";1;3;2;0;0;NA;"Kunik ME, Veazey C, Cully JA, Souchek J, Graham DP, Hopko D, et al. COPD education and cognitive behavioral therapy group treatment for clinically significant symptoms of depression and anxiety in COPD patients: a randomized controlled trial. Psychological medicine. 2008;38(3):385-96.";"Kunik_2008_cbt_otherctr_NA_NA_msd_bai_self-report_post_NA";NA;NA;NA;NA;NA;NA
"54";"Lam, 2010";"0,03";"0,55";"pst";"other ctr";NA;NA;"change";"itt";"hads-a";"self-report";"post";"anx";NA;NA;NA;NA;NA;NA;NA;NA;NA;NA;NA;NA;149;150;"-0,97";"-1,37";343;287;149;150;NA;NA;NA;NA;NA;NA;NA;NA;2010;"n";"ind";NA;3;"eas";"old";72;"0,59";"clin";"cut";"old";1;1;"sr";1;4;2;0;0;NA;"Lam CL, Fong DY, Chin WY, Lee PW, Lam ET, Lo YY. Brief problem-solving treatment in primary care (PST-PC) was not more effective than placebo for elderly patients screened positive of psychological problems. International journal of geriatric psychiatry. 2010;25(10):968-80.";"Lam_2010_pst_otherctr_NA_NA_change_hads-a_self-report_post_NA";NA;NA;NA;NA;NA;NA
"55";"Lam, 2010";"0,03";"0,51";"pst";"other ctr";NA;NA;"change";"itt";"hads-d";"self-report";"post";"dep";NA;NA;NA;NA;NA;NA;NA;NA;NA;NA;NA;NA;149;150;"0,36";"0,79";399;419;149;150;NA;NA;NA;NA;NA;NA;NA;NA;2010;"n";"ind";NA;3;"eas";"old";72;"0,59";"clin";"cut";"old";1;1;"sr";1;4;2;0;1;NA;"Lam CL, Fong DY, Chin WY, Lee PW, Lam ET, Lo YY. Brief problem-solving treatment in primary care (PST-PC) was not more effective than placebo for elderly patients screened positive of psychological problems. International journal of geriatric psychiatry. 2010;25(10):968-80.";"Lam_2010_pst_otherctr_NA_NA_change_hads-d_self-report_post_NA";NA;NA;NA;NA;NA;NA
"56";"Lerma, 2017";"0,51";"0,30";"cbt";"wl";NA;NA;"msd";"co";"bdi";"self-report";"post";"dep";102;"8,2";31;15;"10,9";18;NA;NA;NA;NA;NA;NA;31;18;NA;NA;NA;NA;NA;NA;136;"7,6";31;158;"10";18;NA;NA;2017;"n";"grp";NA;5;"oth";"adul";42;"0,53";"oth";"cut";"med";0;0;"sr";0;1;2;0;1;NA;"Lerma A, Perez-Grovas H, Bermudez L, Peralta-Pedrero ML, Robles-García R, Lerma C. Brief cognitive behavioural intervention for depression and anxiety symptoms improves quality of life in chronic haemodialysis patients. Psychology and psychotherapy. 2017;90(1):105-23.";"Lerma_2017_cbt_wl_NA_NA_msd_bdi_self-report_post_NA";NA;NA;NA;NA;NA;NA
"57";"Lerma, 2017";"0,24";"0,30";"cbt";"wl";NA;NA;"msd";"co";"bai";"self-report";"post";"anx";123;"11,8";31;152;"12,4";18;NA;NA;NA;NA;NA;NA;31;18;NA;NA;NA;NA;NA;NA;135;"10,7";31;147;"13";18;NA;NA;2017;"n";"grp";NA;5;"oth";"adul";42;"0,53";"oth";"cut";"med";0;0;"sr";0;1;2;0;0;NA;"Lerma A, Perez-Grovas H, Bermudez L, Peralta-Pedrero ML, Robles-García R, Lerma C. Brief cognitive behavioural intervention for depression and anxiety symptoms improves quality of life in chronic haemodialysis patients. Psychology and psychotherapy. 2017;90(1):105-23.";"Lerma_2017_cbt_wl_NA_NA_msd_bai_self-report_post_NA";NA;NA;NA;NA;NA;NA
"58";"Lindegaard, 2020";"0,97";"0,35";"cbt";"wl";NA;NA;"msd";"co";"phq9";"self-report";"post";"dep";1167;"6,05";18;1733;"5,29";18;NA;NA;NA;NA;NA;NA;30;29;NA;NA;NA;NA;NA;NA;1563;"6,67";30;1779;"5,29";29;NA;NA;2020;"n";"gsh";NA;7;"eu";"adul";38;"0,66";"com";"cut";"oth";1;0;"sr";1;3;2;0;1;NA;"Lindegaard T, Seaton F, Halaj A, Berg M, Kashoush F, Barchini R, et al. Internet-based cognitive behavioural therapy for depression and anxiety among Arabic-speaking individuals in Sweden: a pilot randomized controlled trial. Cognitive behaviour therapy. 2020:1-20.";"Lindegaard_2020_cbt_wl_NA_NA_msd_phq9_self-report_post_NA";NA;NA;NA;NA;NA;NA
"59";"Lindegaard, 2020";"0,81";"0,35";"cbt";"wl";NA;NA;"msd";"co";"gad-7";"self-report";"post";"anx";911;"5,46";18;1356;"5,28";18;NA;NA;NA;NA;NA;NA;30;29;NA;NA;NA;NA;NA;NA;1307;"4,73";30;1393;"5";29;NA;NA;2020;"n";"gsh";NA;7;"eu";"adul";38;"0,66";"com";"cut";"oth";1;0;"sr";1;3;2;0;0;NA;"Lindegaard T, Seaton F, Halaj A, Berg M, Kashoush F, Barchini R, et al. Internet-based cognitive behavioural therapy for depression and anxiety among Arabic-speaking individuals in Sweden: a pilot randomized controlled trial. Cognitive behaviour therapy. 2020:1-20.";"Lindegaard_2020_cbt_wl_NA_NA_msd_gad-7_self-report_post_NA";NA;NA;NA;NA;NA;NA
"60";"Lo, 2013";"0,79";"0,23";"3rd";"wl";NA;NA;"msd";"itt";"bdi";"self-report";"post";"dep";1725;"11,67";41;2743;"13,85";41;NA;NA;NA;NA;NA;NA;41;41;NA;NA;NA;NA;NA;NA;2844;"8,51";41;2914;"11,34";41;NA;NA;2013;"n";"grp";NA;8;"eas";"adul";44;"0,73";"com";"cut";"adul";1;1;"sr";1;4;2;0;1;NA;"Lo HH, Ng SM, Chan CL, Lam KF, Lau BH. The Chinese medicine construct """"stagnation"""" in mind-body connection mediates the effects of mindfulness training on depression and anxiety. Complementary therapies in medicine. 2013;21(4):348-57.";"Lo_2013_3rd_wl_NA_NA_msd_bdi_self-report_post_NA";NA;NA;NA;NA;NA;NA
"61";"Lo, 2013";"0,50";"0,22";"3rd";"wl";NA;NA;"msd";"itt";"hads-a";"self-report";"post";"anx";91;"3,96";41;1114;"4,13";41;NA;NA;NA;NA;NA;NA;41;41;NA;NA;NA;NA;NA;NA;1256;"2,34";41;1254;"3,08";41;NA;NA;2013;"n";"grp";NA;8;"eas";"adul";44;"0,73";"com";"cut";"adul";1;1;"sr";1;4;2;0;0;NA;"Lo HH, Ng SM, Chan CL, Lam KF, Lau BH. The Chinese medicine construct """"stagnation"""" in mind-body connection mediates the effects of mindfulness training on depression and anxiety. Complementary therapies in medicine. 2013;21(4):348-57.";"Lo_2013_3rd_wl_NA_NA_msd_hads-a_self-report_post_NA";NA;NA;NA;NA;NA;NA
"62";"Mahmoodi, 2021";"1,18";"0,41";"cbt";"wl";"cbt-p";"wl";"msd";"co";"bdi-ii";"self-report";"post";"dep";1635;"5,82";23;24;"7,38";10;NA;NA;NA;NA;NA;NA;25;13;NA;NA;NA;NA;NA;NA;2543;"9,99";23;2379;"7,53";10;NA;NA;2021;"n";"ind";NA;12;"oth";"adul";27;"0,53";"clin";"mdd";"oth";1;0;"sr";0;2;3;1;1;NA;"Mahmoodi M, Bakhtiyari M, Masjedi Arani A, Mohammadi A, Saberi Isfeedvajani M. The comparison between CBT focused on perfectionism and CBT focused on emotion regulation for individuals with depression and anxiety disorders and dysfunctional perfectionism: A randomized controlled trial. Behavioural and Cognitive Psychotherapy. 2021;49(4):454-71.";"Mahmoodi_2021_cbt_wl_cbt-p_wl_msd_bdi-ii_self-report_post_NA";NA;NA;NA;NA;NA;NA
"63";"Mahmoodi, 2021";"0,11";"0,38";"cbt";"wl";"cbt-p";"wl";"msd";"co";"bai";"self-report";"post";"anx";2665;"8,52";23;2779;"12,25";10;NA;NA;NA;NA;NA;NA;25;13;NA;NA;NA;NA;NA;NA;2665;"8,52";23;2721;"12,15";10;NA;NA;2021;"n";"ind";NA;12;"oth";"adul";27;"0,53";"clin";"mdd";"oth";1;0;"sr";0;2;3;1;0;NA;"Mahmoodi M, Bakhtiyari M, Masjedi Arani A, Mohammadi A, Saberi Isfeedvajani M. The comparison between CBT focused on perfectionism and CBT focused on emotion regulation for individuals with depression and anxiety disorders and dysfunctional perfectionism: A randomized controlled trial. Behavioural and Cognitive Psychotherapy. 2021;49(4):454-71.";"Mahmoodi_2021_cbt_wl_cbt-p_wl_msd_bai_self-report_post_NA";NA;NA;NA;NA;NA;NA
"64";"Mahmoodi, 2021";"0,94";"0,40";"cbt";"wl";"cbt-p";"wl";"msd";"co";"spin";"self-report";"post";"anx";1909;"10,16";23;2847;"8,72";10;NA;NA;NA;NA;NA;NA;25;13;NA;NA;NA;NA;NA;NA;2622;"15,03";23;2805;"10,27";10;NA;NA;2021;"n";"ind";NA;12;"oth";"adul";27;"0,53";"clin";"mdd";"oth";1;0;"sr";0;2;3;1;0;NA;"Mahmoodi M, Bakhtiyari M, Masjedi Arani A, Mohammadi A, Saberi Isfeedvajani M. The comparison between CBT focused on perfectionism and CBT focused on emotion regulation for individuals with depression and anxiety disorders and dysfunctional perfectionism: A randomized controlled trial. Behavioural and Cognitive Psychotherapy. 2021;49(4):454-71.";"Mahmoodi_2021_cbt_wl_cbt-p_wl_msd_spin_self-report_post_NA";NA;NA;NA;NA;NA;NA
"65";"Mahmoodi, 2021";"1,38";"0,42";"cbt";"wl";"up";"wl";"msd";"co";"bdi-ii";"self-report";"post";"dep";1514;"5,68";22;24;"7,38";10;NA;NA;NA;NA;NA;NA;25;13;NA;NA;NA;NA;NA;NA;2377;"9,19";22;2379;"7,53";10;NA;NA;2021;"n";"ind";NA;12;"oth";"adul";27;"0,53";"clin";"mdd";"oth";1;0;"sr";0;2;3;1;1;NA;"Mahmoodi M, Bakhtiyari M, Masjedi Arani A, Mohammadi A, Saberi Isfeedvajani M. The comparison between CBT focused on perfectionism and CBT focused on emotion regulation for individuals with depression and anxiety disorders and dysfunctional perfectionism: A randomized controlled trial. Behavioural and Cognitive Psychotherapy. 2021;49(4):454-71.";"Mahmoodi_2021_cbt_wl_up_wl_msd_bdi-ii_self-report_post_NA";NA;NA;NA;NA;NA;NA
"66";"Mahmoodi, 2021";"1,13";"0,41";"cbt";"wl";"up";"wl";"msd";"co";"bai";"self-report";"post";"anx";1774;"6,63";22;2779;"12,25";10;NA;NA;NA;NA;NA;NA;25;13;NA;NA;NA;NA;NA;NA;2614;"10,12";22;2721;"12,15";10;NA;NA;2021;"n";"ind";NA;12;"oth";"adul";27;"0,53";"clin";"mdd";"oth";1;0;"sr";0;2;3;1;0;NA;"Mahmoodi M, Bakhtiyari M, Masjedi Arani A, Mohammadi A, Saberi Isfeedvajani M. The comparison between CBT focused on perfectionism and CBT focused on emotion regulation for individuals with depression and anxiety disorders and dysfunctional perfectionism: A randomized controlled trial. Behavioural and Cognitive Psychotherapy. 2021;49(4):454-71.";"Mahmoodi_2021_cbt_wl_up_wl_msd_bai_self-report_post_NA";NA;NA;NA;NA;NA;NA
"67";"Mahmoodi, 2021";"0,73";"0,39";"cbt";"wl";"up";"wl";"msd";"co";"spin";"self-report";"post";"anx";2109;"10,38";22;2847;"8,72";10;NA;NA;NA;NA;NA;NA;25;13;NA;NA;NA;NA;NA;NA;2732;"13,85";22;2805;"10,27";10;NA;NA;2021;"n";"ind";NA;12;"oth";"adul";27;"0,53";"clin";"mdd";"oth";1;0;"sr";0;2;3;1;0;NA;"Mahmoodi M, Bakhtiyari M, Masjedi Arani A, Mohammadi A, Saberi Isfeedvajani M. The comparison between CBT focused on perfectionism and CBT focused on emotion regulation for individuals with depression and anxiety disorders and dysfunctional perfectionism: A randomized controlled trial. Behavioural and Cognitive Psychotherapy. 2021;49(4):454-71.";"Mahmoodi_2021_cbt_wl_up_wl_msd_spin_self-report_post_NA";NA;NA;NA;NA;NA;NA
"68";"Mead, 2005";"0,18";"0,20";"cbt";"wl";NA;NA;"msd";"co";"hads";"self-report";"post";"mix";2008;"7,56";50;2148;"7,9";53;NA;NA;NA;NA;NA;NA;57;57;NA;NA;NA;NA;NA;NA;2526;"6,66";57;2495;"5,4";57;NA;NA;2005;"n";"gsh";NA;4;"uk";"adul";39;"0,68";"clin";"cut";"adul";1;1;"sr";0;3;2;0;0;NA;"Mead N, MacDonald W, Bower P, Lovell K, Richards D, Roberts C, et al. The clinical effectiveness of guided self-help versus waiting-list control in the management of anxiety and depression: A randomized controlled trial. Psychological Medicine. 2005;35(11):1633-43.";"Mead_2005_cbt_wl_NA_NA_msd_hads_self-report_post_NA";NA;NA;NA;NA;NA;NA
"69";"Mead, 2005";"0,19";"0,20";"cbt";"wl";NA;NA;"msd";"co";"bdi";"self-report";"post";"dep";1778;"10,66";50;1998;"11,96";53;NA;NA;NA;NA;NA;NA;57;57;NA;NA;NA;NA;NA;NA;2571;"10,93";57;2573;"9,3";57;NA;NA;2005;"n";"gsh";NA;4;"uk";"adul";39;"0,68";"clin";"cut";"adul";1;1;"sr";0;3;2;0;1;NA;"Mead N, MacDonald W, Bower P, Lovell K, Richards D, Roberts C, et al. The clinical effectiveness of guided self-help versus waiting-list control in the management of anxiety and depression: A randomized controlled trial. Psychological Medicine. 2005;35(11):1633-43.";"Mead_2005_cbt_wl_NA_NA_msd_bdi_self-report_post_NA";NA;NA;NA;NA;NA;NA
"70";"Mullin, 2015";"0,39";"0,28";"cbt";"wl";NA;NA;"msd";"itt";"phq9";"self-report";"post";"dep";727;"4,36";30;937;"6,3";23;NA;NA;NA;NA;NA;NA;31;24;NA;NA;NA;NA;NA;NA;1117;"5,24";30;1004;"5,24";23;NA;NA;2015;"n";"gsh";NA;5;"au";"yadul";28;"0,64";"com";"cut";"stud";1;0;"sr";1;3;2;0;1;"separate data for depr and anxiety available";"Mullin A, Dear BF, Karin E, Wootton BM, Staples LG, Johnston L, et al. The UniWellbeing course: A randomised controlled trial of a transdiagnostic internet-delivered cognitive behavioural therapy (CBT) programme for university students with symptoms of anxiety and depression. Internet Interventions [Internet]. 2015; 2(2 // (NHMRC) *National Health and Medical Research Council*):[128-36 pp.]. Available from: http://onlinelibrary.wiley.com/o/cochrane/clcentral/articles/428/CN-01069428/frame.html";"Mullin_2015_cbt_wl_NA_NA_msd_phq9_self-report_post_NA";NA;NA;NA;NA;NA;NA
"71";"Mullin, 2015";"0,59";"0,28";"cbt";"wl";NA;NA;"msd";"itt";"gad-7";"self-report";"post";"anx";657;"3,6";30;948;"6,1";23;NA;NA;NA;NA;NA;NA;31;24;NA;NA;NA;NA;NA;NA;96;"5,43";30;839;"3,81";23;NA;NA;2015;"n";"gsh";NA;5;"au";"yadul";28;"0,64";"com";"cut";"stud";1;0;"sr";1;3;2;0;0;"separate data for depr and anxiety available";"Mullin A, Dear BF, Karin E, Wootton BM, Staples LG, Johnston L, et al. The UniWellbeing course: A randomised controlled trial of a transdiagnostic internet-delivered cognitive behavioural therapy (CBT) programme for university students with symptoms of anxiety and depression. Internet Interventions [Internet]. 2015; 2(2 // (NHMRC) *National Health and Medical Research Council*):[128-36 pp.]. Available from: http://onlinelibrary.wiley.com/o/cochrane/clcentral/articles/428/CN-01069428/frame.html";"Mullin_2015_cbt_wl_NA_NA_msd_gad-7_self-report_post_NA";NA;NA;NA;NA;NA;NA
"72";"Muntingh, 2016";"0,01";"0,17";"other psy";"cau";NA;NA;"other stat";"itt";"phq9";"self-report";"post";"dep";NA;NA;NA;NA;NA;NA;"-0,010523886";"0,167525335";NA;NA;NA;NA;70;71;NA;NA;NA;NA;NA;NA;NA;NA;NA;NA;NA;NA;"p for difference of change: 0,95";NA;2016;"n";"ind";NA;13;"eu";"adul";47;"0,66";"clin";"chr";"adul";1;1;"sr";1;4;2;0;1;NA;"Muntingh A. Quality of life and symptoms in patients with chronic depression and anxiety after a self-management training: A randomised controlled trial. [Dutch]. Tijdschrift voor Psychiatrie 58 (7) (pp 504-512), 2016 Date of Publication: July 2016 [Internet]. 2016. Available from: http://onlinelibrary.wiley.com/o/cochrane/clcentral/articles/365/CN-01195365/frame.html.";"Muntingh_2016_otherpsy_cau_NA_NA_otherstat_phq9_self-report_post_NA";NA;NA;NA;NA;NA;NA
"73";"Muntingh, 2016";"-0,04";"0,17";"other psy";"cau";NA;NA;"other stat";"itt";"bai";"self-report";"post";"anx";NA;NA;NA;NA;NA;NA;"-0,040353882";"0,167541397";NA;NA;NA;NA;70;71;NA;NA;NA;NA;NA;NA;NA;NA;NA;NA;NA;NA;"p for difference of change: 0,81";NA;2016;"n";"ind";NA;13;"eu";"adul";47;"0,66";"clin";"chr";"adul";1;1;"sr";1;4;2;0;0;NA;"Muntingh A. Quality of life and symptoms in patients with chronic depression and anxiety after a self-management training: A randomised controlled trial. [Dutch]. Tijdschrift voor Psychiatrie 58 (7) (pp 504-512), 2016 Date of Publication: July 2016 [Internet]. 2016. Available from: http://onlinelibrary.wiley.com/o/cochrane/clcentral/articles/365/CN-01195365/frame.html.";"Muntingh_2016_otherpsy_cau_NA_NA_otherstat_bai_self-report_post_NA";NA;NA;NA;NA;NA;NA
"74";"Newby, 2013";"1,00";"0,22";"cbt";"wl";NA;NA;"msd";"itt";"phq9";"self-report";"post";"dep";576;"4,24";43;1041;"4,88";53;NA;NA;NA;NA;NA;NA;49;60;NA;NA;NA;NA;NA;NA;1039;"3,9";46;1162;"4,9";54;NA;NA;2013;"n";"gsh";NA;6;"uk";"adul";44;"0,78";"com";"cut";"adul";1;1;"sr";1;4;2;0;0;NA;"Newby JM, Mackenzie A, Williams AD, McIntyre K, Watts S, Wong N. Internet cognitive behavioural therapy for mixed anxiety and depression: a randomized controlled trial and evidence of effectiveness in primary care [Wellbeing 6]. Psychological Medicine [Internet]. 2013; 43(12):[2635-48 pp.]. Available from: http://onlinelibrary.wiley.com/o/cochrane/clcentral/articles/626/CN-01038626/frame.html";"Newby_2013_cbt_wl_NA_NA_msd_phq9_self-report_post_NA";NA;NA;NA;NA;NA;NA
"75";"Newby, 2013";"0,85";"0,21";"cbt";"wl";NA;NA;"msd";"itt";"gad-7";"self-report";"post";"anx";593;"4,28";43;992;"4,9";53;NA;NA;NA;NA;NA;NA;49;60;NA;NA;NA;NA;NA;NA;1037;"3,74";46;1043;"5";54;NA;NA;2013;"n";"gsh";NA;6;"uk";"adul";44;"0,78";"com";"cut";"adul";1;1;"sr";1;4;2;0;0;NA;"Newby JM, Mackenzie A, Williams AD, McIntyre K, Watts S, Wong N. Internet cognitive behavioural therapy for mixed anxiety and depression: a randomized controlled trial and evidence of effectiveness in primary care [Wellbeing 6]. Psychological Medicine [Internet]. 2013; 43(12):[2635-48 pp.]. Available from: http://onlinelibrary.wiley.com/o/cochrane/clcentral/articles/626/CN-01038626/frame.html";"Newby_2013_cbt_wl_NA_NA_msd_gad-7_self-report_post_NA";NA;NA;NA;NA;NA;NA
"76";"Newby, 2013";"1,11";"0,22";"cbt";"wl";NA;NA;"msd";"itt";"bdi-ii";"self-report";"post";"dep";1048;"8,3";43;2124;"10,56";53;NA;NA;NA;NA;NA;NA;49;60;NA;NA;NA;NA;NA;NA;2124;"6,98";46;2241;"9,17";54;NA;NA;2013;"n";"gsh";NA;6;"uk";"adul";44;"0,78";"com";"cut";"adul";1;1;"sr";1;4;2;0;1;NA;"Newby JM, Mackenzie A, Williams AD, McIntyre K, Watts S, Wong N. Internet cognitive behavioural therapy for mixed anxiety and depression: a randomized controlled trial and evidence of effectiveness in primary care [Wellbeing 6]. Psychological Medicine [Internet]. 2013; 43(12):[2635-48 pp.]. Available from: http://onlinelibrary.wiley.com/o/cochrane/clcentral/articles/626/CN-01038626/frame.html";"Newby_2013_cbt_wl_NA_NA_msd_bdi-ii_self-report_post_NA";NA;NA;NA;NA;NA;NA
"77";"Nissen, 2020";"0,43";"0,20";"3rd";"wl";NA;NA;"msd";"co";"stai-y";"self-report";"post";"anx";375;"8,9";73;418;"11,9";38;NA;NA;NA;NA;NA;NA;104;46;NA;NA;NA;NA;NA;NA;417;"10,2";104;427;"9,8";46;NA;NA;2020;"n";"gsh";NA;8;"eu";"adul";55;"0,91";"oth";"cut";"med";1;1;"sr";1;4;2;0;0;NA;"Nissen ER, O'Connor M, Kaldo V, Højris I, Borre M, Zachariae R, et al. Internet-delivered mindfulness-based cognitive therapy for anxiety and depression in cancer survivors: A randomized controlled trial. Psycho-oncology. 2020;29(1):68-75.";"Nissen_2020_3rd_wl_NA_NA_msd_stai-y_self-report_post_NA";NA;NA;NA;NA;NA;NA
"78";"Nissen, 2020";"0,64";"0,20";"3rd";"wl";NA;NA;"msd";"co";"bdi-ii";"self-report";"post";"dep";107;"6,6";73;156;"9,2";38;NA;NA;NA;NA;NA;NA;104;46;NA;NA;NA;NA;NA;NA;151;"7,4";104;176;"7,5";46;NA;NA;2020;"n";"gsh";NA;8;"eu";"adul";55;"0,91";"oth";"cut";"med";1;1;"sr";1;4;2;0;1;NA;"Nissen ER, O'Connor M, Kaldo V, Højris I, Borre M, Zachariae R, et al. Internet-delivered mindfulness-based cognitive therapy for anxiety and depression in cancer survivors: A randomized controlled trial. Psycho-oncology. 2020;29(1):68-75.";"Nissen_2020_3rd_wl_NA_NA_msd_bdi-ii_self-report_post_NA";NA;NA;NA;NA;NA;NA
"79";"Norlund, 2018";"0,13";"0,13";"cbt";"cau";NA;NA;"msd";"itt";"hads";"self-report";"post";"mix";128;"5,9";117;136;"6,8";122;NA;NA;NA;NA;NA;NA;117;122;NA;NA;NA;NA;NA;NA;183;"4,9";117;186;"5";122;NA;NA;2018;"n";"gsh";NA;10;"eu";"adul";60;"0,33";"oth";"cut";"med";1;1;"sr";1;4;2;0;0;NA;"Norlund F, Wallin E, Olsson MGE, Wallert J, Burell G, Von Essen L, et al. Internet-based cognitive behavior therapy for symptoms of depression and anxiety among patients with a recent myocardial infarction: the U-CARE Heart randomized trial. European journal of preventive cardiology. 2018;25(2):S63‐S4.";"Norlund_2018_cbt_cau_NA_NA_msd_hads_self-report_post_NA";NA;NA;NA;NA;NA;NA
"80";"Norlund, 2018";"-0,03";"0,13";"cbt";"cau";NA;NA;"msd";"itt";"hads-a";"self-report";"post";"anx";74;"3,2";117;73;"3,7";122;NA;NA;NA;NA;NA;NA;117;122;NA;NA;NA;NA;NA;NA;109;"2,4";117;108;"2,5";122;NA;NA;2018;"n";"gsh";NA;10;"eu";"adul";60;"0,33";"oth";"cut";"med";1;1;"sr";1;4;2;0;0;NA;"Norlund F, Wallin E, Olsson MGE, Wallert J, Burell G, Von Essen L, et al. Internet-based cognitive behavior therapy for symptoms of depression and anxiety among patients with a recent myocardial infarction: the U-CARE Heart randomized trial. European journal of preventive cardiology. 2018;25(2):S63‐S4.";"Norlund_2018_cbt_cau_NA_NA_msd_hads-a_self-report_post_NA";NA;NA;NA;NA;NA;NA
"81";"Norlund, 2018";"0,39";"0,13";"cbt";"cau";NA;NA;"msd";"itt";"hads-d";"self-report";"post";"dep";66;"3,3";117;8;"3,8";122;NA;NA;NA;NA;NA;NA;117;122;NA;NA;NA;NA;NA;NA;99;"2,2";117;103;"2,5";122;NA;NA;2018;"n";"gsh";NA;10;"eu";"adul";60;"0,33";"oth";"cut";"med";1;1;"sr";1;4;2;0;1;NA;"Norlund F, Wallin E, Olsson MGE, Wallert J, Burell G, Von Essen L, et al. Internet-based cognitive behavior therapy for symptoms of depression and anxiety among patients with a recent myocardial infarction: the U-CARE Heart randomized trial. European journal of preventive cardiology. 2018;25(2):S63‐S4.";"Norlund_2018_cbt_cau_NA_NA_msd_hads-d_self-report_post_NA";NA;NA;NA;NA;NA;NA
"82";"Norlund, 2018";"0,17";"0,13";"cbt";"cau";NA;NA;"msd";"itt";"madrs-sr";"self-report";"post";"dep";12;"7,2";117;133;"7,6";122;NA;NA;NA;NA;NA;NA;117;122;NA;NA;NA;NA;NA;NA;148;"6,4";117;159;"7,2";122;NA;NA;2018;"n";"gsh";NA;10;"eu";"adul";60;"0,33";"oth";"cut";"med";1;1;"sr";1;4;2;0;0;NA;"Norlund F, Wallin E, Olsson MGE, Wallert J, Burell G, Von Essen L, et al. Internet-based cognitive behavior therapy for symptoms of depression and anxiety among patients with a recent myocardial infarction: the U-CARE Heart randomized trial. European journal of preventive cardiology. 2018;25(2):S63‐S4.";"Norlund_2018_cbt_cau_NA_NA_msd_madrs-sr_self-report_post_NA";NA;NA;NA;NA;NA;NA
"83";"Olason, 2018";"0,41";"0,23";"cbt";"cau";NA;NA;"msd";"itt";"bai";"self-report";"post";"anx";843;"6,99";39;1168;"8,62";38;NA;NA;NA;NA;NA;NA;39;38;NA;NA;NA;NA;NA;NA;1853;"10,44";39;1915;"10,36";38;NA;NA;2018;"n";"ind";NA;12;"eu";"adul";36;"0,65";"oth";"cut";"med";0;0;"sr";1;2;2;0;0;NA;"Olason M, Andrason RH, Jonsdottir IH, Kristbergsdottir H, Jensen MP. Cognitive Behavioral Therapy for Depression and Anxiety in an Interdisciplinary Rehabilitation Program for Chronic Pain: a Randomized Controlled Trial with a 3-Year Follow-up. Int J Behav Med. 2018;25(1):55-66.";"Olason_2018_cbt_cau_NA_NA_msd_bai_self-report_post_NA";NA;NA;NA;NA;NA;NA
"84";"Olason, 2018";"0,09";"0,23";"cbt";"cau";NA;NA;"msd";"itt";"bdi-ii";"self-report";"post";"dep";1134;"8,64";39;1215;"10,03";38;NA;NA;NA;NA;NA;NA;39;38;NA;NA;NA;NA;NA;NA;2321;"8,87";39;2407;"10,03";38;NA;NA;2018;"n";"ind";NA;12;"eu";"adul";36;"0,65";"oth";"cut";"med";0;0;"sr";1;2;2;0;1;NA;"Olason M, Andrason RH, Jonsdottir IH, Kristbergsdottir H, Jensen MP. Cognitive Behavioral Therapy for Depression and Anxiety in an Interdisciplinary Rehabilitation Program for Chronic Pain: a Randomized Controlled Trial with a 3-Year Follow-up. Int J Behav Med. 2018;25(1):55-66.";"Olason_2018_cbt_cau_NA_NA_msd_bdi-ii_self-report_post_NA";NA;NA;NA;NA;NA;NA
"85";"Pachankis, 2020";"0,37";"0,26";"cbt";"wl";NA;NA;"msd";"itt";"cesd";"self-report";"post";"dep";2044;"9,86";30;2483;"13,36";30;NA;NA;NA;NA;NA;NA;30;30;NA;NA;NA;NA;NA;NA;297;"10,08";30;2686;"10,46";30;NA;NA;2020;"y";"ind";NA;10;"us";"adul";26;NA;"com";"cut";"oth";1;0;"sr";1;3;2;0;1;NA;"Pachankis JE, McConocha EM, Clark KA, Wang K, Behari K, Fetzner BK, et al. A transdiagnostic minority stress intervention for gender diverse sexual minority women's depression, anxiety, and unhealthy alcohol use: A randomized controlled trial. Journal of consulting and clinical psychology. 2020;88(7):613-30.";"Pachankis_2020_cbt_wl_NA_NA_msd_cesd_self-report_post_NA";NA;NA;NA;NA;NA;NA
"86";"Pachankis, 2020";"0,41";"0,26";"cbt";"wl";NA;NA;"msd";"itt";"odsis";"self-report";"post";"dep";409;"3,89";30;585;"4,49";30;NA;NA;NA;NA;NA;NA;30;30;NA;NA;NA;NA;NA;NA;63;"4,55";30;769;"4";30;NA;NA;2020;"y";"ind";NA;10;"us";"adul";26;NA;"com";"cut";"oth";1;0;"sr";1;3;2;0;0;NA;"Pachankis JE, McConocha EM, Clark KA, Wang K, Behari K, Fetzner BK, et al. A transdiagnostic minority stress intervention for gender diverse sexual minority women's depression, anxiety, and unhealthy alcohol use: A randomized controlled trial. Journal of consulting and clinical psychology. 2020;88(7):613-30.";"Pachankis_2020_cbt_wl_NA_NA_msd_odsis_self-report_post_NA";NA;NA;NA;NA;NA;NA
"87";"Pachankis, 2020";"0,02";"0,26";"cbt";"wl";NA;NA;"msd";"itt";"oasis";"self-report";"post";"anx";6;"3,83";30;608;"3,29";30;NA;NA;NA;NA;NA;NA;30;30;NA;NA;NA;NA;NA;NA;88;"3,51";30;803;"2,52";30;NA;NA;2020;"y";"ind";NA;10;"us";"adul";26;NA;"com";"cut";"oth";1;0;"sr";1;3;2;0;0;NA;"Pachankis JE, McConocha EM, Clark KA, Wang K, Behari K, Fetzner BK, et al. A transdiagnostic minority stress intervention for gender diverse sexual minority women's depression, anxiety, and unhealthy alcohol use: A randomized controlled trial. Journal of consulting and clinical psychology. 2020;88(7):613-30.";"Pachankis_2020_cbt_wl_NA_NA_msd_oasis_self-report_post_NA";NA;NA;NA;NA;NA;NA
"88";"Patel, 2003";"0,02";"0,13";"other psy";"other ctr";NA;NA;"msd";"co";"cisr";"clinician";"post";"mix";132;"10,7";121;134;"10,1";135;NA;NA;NA;NA;NA;NA;150;150;NA;NA;NA;NA;NA;NA;239;"5,8";150;24;"6,6";150;NA;NA;2003;"n";"ind";NA;6;"oth";"adul";48;"0,81";"clin";"cut";"adul";1;0;"1";1;3;2;0;0;NA;"Patel V, Chisholm D, Rabe-Hesketh S, Dias-Saxena F, Andrew G, Mann A. Efficacy and cost-effectiveness of drug and psychological treatments for common mental disorders in general health care in Goa, India: a randomised, controlled trial. Lancet [Internet]. 2003; 361(9351):[33-9 pp.]. Available from: http://onlinelibrary.wiley.com/o/cochrane/clcentral/articles/624/CN-00412624/frame.html";"Patel_2003_otherpsy_otherctr_NA_NA_msd_cisr_clinician_post_NA";NA;NA;NA;NA;NA;NA
"89";"Ponsford, 2016";"0,65";"0,30";"cbt";"wl";NA;NA;"dich";"itt";"hads-a";"self-report";"post";"anx";NA;NA;NA;NA;NA;NA;NA;NA;NA;"lower severity category";28;6;52;23;NA;NA;NA;NA;NA;NA;NA;NA;NA;NA;NA;NA;NA;NA;2016;"n";"ind";NA;15;"au";"adul";42;"0,27";"clin";"cut";"med";1;1;"sr";1;4;2;0;0;"only outcome data for the two cbt interventions pooled";"Ponsford J, Lee NK, Wong D, McKay A, Haines K, Alway Y, et al. Efficacy of motivational interviewing and cognitive behavioral therapy for anxiety and depression symptoms following traumatic brain injury. Psychological medicine. 2016;46(5):1079-90.";"Ponsford_2016_cbt_wl_NA_NA_dich_hads-a_self-report_post_NA";"0,724695538";"0,373727069";28;6;52;23
"90";"Ponsford, 2016";"1,05";"0,32";"cbt";"wl";NA;NA;"dich";"itt";"dass-d";"self-report";"post";"dep";NA;NA;NA;NA;NA;NA;NA;NA;NA;"lower severity category";34;5;52;23;NA;NA;NA;NA;NA;NA;NA;NA;NA;NA;NA;NA;NA;NA;2016;"n";"ind";NA;15;"au";"adul";42;"0,27";"clin";"cut";"med";1;1;"sr";1;4;2;0;1;"only outcome data for the two cbt interventions pooled";"Ponsford J, Lee NK, Wong D, McKay A, Haines K, Alway Y, et al. Efficacy of motivational interviewing and cognitive behavioral therapy for anxiety and depression symptoms following traumatic brain injury. Psychological medicine. 2016;46(5):1079-90.";"Ponsford_2016_cbt_wl_NA_NA_dich_dass-d_self-report_post_NA";"1,10117311";"0,408292462";34;5;52;23
"91";"Proudfoot, 2004";"0,47";"0,14";"cbt";"cau";NA;NA;"msd";"co";"bdi";"self-report";"post";"dep";116;"9,6";112;162;"10,1";109;NA;NA;NA;NA;NA;NA;146;128;NA;NA;NA;NA;NA;NA;NA;NA;NA;NA;NA;NA;NA;NA;2004;"n";"gsh";NA;7;"uk";"adul";44;"0,74";"clin";"cut";"adul";1;1;"sr";1;4;2;0;1;NA;"Proudfoot J, Ryden C, Everitt B, Shapiro DA, Goldberg D, Mann A, et al. Clinical efficacy of computerised cognitive-behavioural therapy for anxiety and depression in primary care: randomised controlled trial. The British journal of psychiatry : the journal of mental science. 2004;185:46-54.";"Proudfoot_2004_cbt_cau_NA_NA_msd_bdi_self-report_post_NA";NA;NA;NA;NA;NA;NA
"92";"Proudfoot, 2004";"0,25";"0,13";"cbt";"cau";NA;NA;"msd";"co";"bai";"self-report";"post";"anx";106;"8,4";115;128;"9,1";110;NA;NA;NA;NA;NA;NA;146;128;NA;NA;NA;NA;NA;NA;NA;NA;NA;NA;NA;NA;NA;NA;2004;"n";"gsh";NA;7;"uk";"adul";44;"0,74";"clin";"cut";"adul";1;1;"sr";1;4;2;0;0;NA;"Proudfoot J, Ryden C, Everitt B, Shapiro DA, Goldberg D, Mann A, et al. Clinical efficacy of computerised cognitive-behavioural therapy for anxiety and depression in primary care: randomised controlled trial. The British journal of psychiatry : the journal of mental science. 2004;185:46-54.";"Proudfoot_2004_cbt_cau_NA_NA_msd_bai_self-report_post_NA";NA;NA;NA;NA;NA;NA
"93";"Ren, 2019";"0,75";"0,13";"cbt";"cau";NA;NA;"msd";"itt";"hamd";"clinician";"post";"dep";57;"4";98;88;"4,2";196;NA;NA;NA;NA;NA;NA;98;196;NA;NA;NA;NA;NA;NA;134;"4,9";98;114;"2,7";196;NA;NA;2019;"n";"grp";NA;9;"eas";"adul";47;"1";"oth";"cut";"med";0;1;"1";1;3;2;0;1;"they say they use se but it must be sd";"Ren W, Qiu H, Yang Y, Zhu X, Zhu C, Mao G, et al. Randomized controlled trial of cognitive behavioural therapy for depressive and anxiety symptoms in Chinese women with breast cancer. Psychiatry Research. 2019;271:52-9.";"Ren_2019_cbt_cau_NA_NA_msd_hamd_clinician_post_NA";NA;NA;NA;NA;NA;NA
"94";"Ren, 2019";"0,63";"0,13";"cbt";"cau";NA;NA;"msd";"itt";"hama";"clinician";"post";"anx";63;"3,5";98;88;"4,2";196;NA;NA;NA;NA;NA;NA;98;196;NA;NA;NA;NA;NA;NA;133;"5,1";98;11;"3,8";196;NA;NA;2019;"n";"grp";NA;9;"eas";"adul";47;"1";"oth";"cut";"med";0;1;"1";1;3;2;0;0;"they say they use se but it must be sd";"Ren W, Qiu H, Yang Y, Zhu X, Zhu C, Mao G, et al. Randomized controlled trial of cognitive behavioural therapy for depressive and anxiety symptoms in Chinese women with breast cancer. Psychiatry Research. 2019;271:52-9.";"Ren_2019_cbt_cau_NA_NA_msd_hama_clinician_post_NA";NA;NA;NA;NA;NA;NA
"95";"Richards, 2020";"0,48";"0,13";"cbt";"wl";NA;NA;"msd";"itt";"phq9";"self-report";"post";"dep";924;"5,21";198;1176;"5,15";91;NA;NA;NA;NA;NA;NA;241;120;NA;NA;NA;NA;NA;NA;1441;"4,94";241;1418;"5,11";120;NA;NA;2020;"n";"gsh";NA;6;"uk";"adul";29;"0,71";"clin";"mdd";"adul";1;1;"sr";1;4;2;0;1;NA;"Richards D, Enrique A, Eilert N, Franklin M, Palacios J, Duffy D, et al. A pragmatic randomized waitlist-controlled effectiveness and cost-effectiveness trial of digital interventions for depression and anxiety. npj Digital Medicine. 2020;3(1).";"Richards_2020_cbt_wl_NA_NA_msd_phq9_self-report_post_NA";NA;NA;NA;NA;NA;NA
"96";"Richards, 2020";"0,56";"0,13";"cbt";"wl";NA;NA;"msd";"itt";"gad-7";"self-report";"post";"anx";818;"4,78";198;1085;"4,67";91;NA;NA;NA;NA;NA;NA;241;120;NA;NA;NA;NA;NA;NA;1266;"4,69";241;1254;"4,18";120;NA;NA;2020;"n";"gsh";NA;6;"uk";"adul";29;"0,71";"clin";"mdd";"adul";1;1;"sr";1;4;2;0;0;NA;"Richards D, Enrique A, Eilert N, Franklin M, Palacios J, Duffy D, et al. A pragmatic randomized waitlist-controlled effectiveness and cost-effectiveness trial of digital interventions for depression and anxiety. npj Digital Medicine. 2020;3(1).";"Richards_2020_cbt_wl_NA_NA_msd_gad-7_self-report_post_NA";NA;NA;NA;NA;NA;NA
"97";"Scheidt, 2013";"0,55";"0,30";"dyn";"cau";NA;NA;"msd";"itt";"hads-d";"self-report";"post";"dep";87;"0,9";23;92;"0,9";23;NA;NA;NA;NA;NA;NA;24;23;NA;NA;NA;NA;NA;NA;96;"0,9";23;93;"0,9";23;NA;NA;2013;"n";"ind";NA;25;"eu";"adul";49;"1";"oth";"mdd";"med";0;1;"sr";1;3;2;0;1;NA;"Scheidt CE, Waller E, Endorf K, Schmidt S, Kˆnig R, Zeeck A, et al. Is brief psychodynamic psychotherapy in primary fibromyalgia syndrome with concurrent depression an effective treatment? A randomized controlled trial. General hospital psychiatry [Internet]. 2013; 35(2):[160-7 pp.]. Available from: http://onlinelibrary.wiley.com/o/cochrane/clcentral/articles/075/CN-00878075/frame.html";"Scheidt_2013_dyn_cau_NA_NA_msd_hads-d_self-report_post_NA";NA;NA;NA;NA;NA;NA
"98";"Scheidt, 2013";"0,00";"0,29";"dyn";"cau";NA;NA;"msd";"itt";"hads-a";"self-report";"post";"anx";88;"0,8";23;88;"0,8";23;NA;NA;NA;NA;NA;NA;24;23;NA;NA;NA;NA;NA;NA;83;"0,9";23;84;"0,9";23;NA;NA;2013;"n";"ind";NA;25;"eu";"adul";49;"1";"oth";"mdd";"med";0;1;"sr";1;3;2;0;0;NA;"Scheidt CE, Waller E, Endorf K, Schmidt S, Kˆnig R, Zeeck A, et al. Is brief psychodynamic psychotherapy in primary fibromyalgia syndrome with concurrent depression an effective treatment? A randomized controlled trial. General hospital psychiatry [Internet]. 2013; 35(2):[160-7 pp.]. Available from: http://onlinelibrary.wiley.com/o/cochrane/clcentral/articles/075/CN-00878075/frame.html";"Scheidt_2013_dyn_cau_NA_NA_msd_hads-a_self-report_post_NA";NA;NA;NA;NA;NA;NA
"99";"Schneider, 2021";"1,60";"0,32";"cbt";"wl";NA;NA;"msd";"itt";"gad-7";"self-report";"post";"anx";323;"2,77";25;902;"4,14";28;NA;NA;NA;NA;NA;NA;27;29;NA;NA;NA;NA;NA;NA;976;"4,48";25;875;"4,09";28;NA;NA;2021;"n";"gsh";NA;5;"can";"adul";58;"0,59";"com";"cut";"med";1;1;"sr";1;4;2;0;0;NA;"Schneider LH. Efficacy of Internet-delivered cognitive behavioural therapy following an acute coronary event: A randomized controlled trial: ProQuest Information & Learning; 2021.";"Schneider_2021_cbt_wl_NA_NA_msd_gad-7_self-report_post_NA";NA;NA;NA;NA;NA;NA
"100";"Schneider, 2021";"1,07";"0,29";"cbt";"wl";NA;NA;"msd";"itt";"phq9";"self-report";"post";"dep";432;"2,45";25;872;"5,07";28;NA;NA;NA;NA;NA;NA;27;29;NA;NA;NA;NA;NA;NA;11;"4,11";25;918;"4,99";28;NA;NA;2021;"n";"gsh";NA;5;"can";"adul";58;"0,59";"com";"cut";"med";1;1;"sr";1;4;2;0;1;NA;"Schneider LH. Efficacy of Internet-delivered cognitive behavioural therapy following an acute coronary event: A randomized controlled trial: ProQuest Information & Learning; 2021.";"Schneider_2021_cbt_wl_NA_NA_msd_phq9_self-report_post_NA";NA;NA;NA;NA;NA;NA
"101";"Titov, 2011";"0,54";"0,24";"cbt";"wl";NA;NA;"msd";"itt";"dass-21";"self-report";"post";"mix";328;"22,9";37;4486;"20,87";37;NA;NA;NA;NA;NA;NA;39;38;NA;NA;NA;NA;NA;NA;5848;"21,47";37;48;"22,8";37;NA;NA;2011;"n";"gsh";NA;8;"au";"adul";44;"0,73";"com";"mdd";"adul";1;1;"sr";1;4;2;0;0;"separate data for depr and anxiety available";"Titov, N., Dear, B. F., Schwencke, G., Andrews, G., Johnston, L., Craske, M. G., et al. (2011). Transdiagnostic internet treatment for anxiety and depression: a randomised controlled trial. Behaviour Research and Therapy, 49, 441–452.";"Titov_2011_cbt_wl_NA_NA_msd_dass-21_self-report_post_NA";NA;NA;NA;NA;NA;NA
"102";"Titov, 2011";"0,57";"0,24";"cbt";"wl";NA;NA;"msd";"itt";"phq9";"self-report";"post";"dep";813;"5,98";37;1132;"5,1";37;NA;NA;NA;NA;NA;NA;39;38;NA;NA;NA;NA;NA;NA;1348;"5,36";37;1256;"5,81";37;NA;NA;2011;"n";"gsh";NA;8;"au";"adul";44;"0,73";"com";"mdd";"adul";1;1;"sr";1;4;2;0;1;NA;"Titov, N., Dear, B. F., Schwencke, G., Andrews, G., Johnston, L., Craske, M. G., et al. (2011). Transdiagnostic internet treatment for anxiety and depression: a randomised controlled trial. Behaviour Research and Therapy, 49, 441–452.";"Titov_2011_cbt_wl_NA_NA_msd_phq9_self-report_post_NA";NA;NA;NA;NA;NA;NA
"103";"Titov, 2011";"-0,02";"0,23";"cbt";"wl";NA;NA;"msd";"itt";"pdss-sr";"self-report";"post";"anx";529;"7,3";37;513;"5,19";37;NA;NA;NA;NA;NA;NA;39;38;NA;NA;NA;NA;NA;NA;845;"8,03";37;489;"4,19";37;NA;NA;2011;"n";"gsh";NA;8;"au";"adul";44;"0,73";"com";"mdd";"adul";1;1;"sr";1;4;2;0;0;NA;"Titov, N., Dear, B. F., Schwencke, G., Andrews, G., Johnston, L., Craske, M. G., et al. (2011). Transdiagnostic internet treatment for anxiety and depression: a randomised controlled trial. Behaviour Research and Therapy, 49, 441–452.";"Titov_2011_cbt_wl_NA_NA_msd_pdss-sr_self-report_post_NA";NA;NA;NA;NA;NA;NA
"104";"Titov, 2011";"0,22";"0,23";"cbt";"wl";NA;NA;"msd";"itt";"sp-12";"self-report";"post";"anx";1183;"8,97";37;14;"10,58";37;NA;NA;NA;NA;NA;NA;39;38;NA;NA;NA;NA;NA;NA;1475;"10,58";37;1505;"9,96";37;NA;NA;2011;"n";"gsh";NA;8;"au";"adul";44;"0,73";"com";"mdd";"adul";1;1;"sr";1;4;2;0;0;NA;"Titov, N., Dear, B. F., Schwencke, G., Andrews, G., Johnston, L., Craske, M. G., et al. (2011). Transdiagnostic internet treatment for anxiety and depression: a randomised controlled trial. Behaviour Research and Therapy, 49, 441–452.";"Titov_2011_cbt_wl_NA_NA_msd_sp-12_self-report_post_NA";NA;NA;NA;NA;NA;NA
"105";"Titov, 2011";"0,51";"0,24";"cbt";"wl";NA;NA;"msd";"itt";"gad-7";"self-report";"post";"anx";681;"5,05";37;929;"4,6";37;NA;NA;NA;NA;NA;NA;39;38;NA;NA;NA;NA;NA;NA;1113;"4,42";37;1024;"4,13";37;NA;NA;2011;"n";"gsh";NA;8;"au";"adul";44;"0,73";"com";"mdd";"adul";1;1;"sr";1;4;2;0;0;NA;"Titov, N., Dear, B. F., Schwencke, G., Andrews, G., Johnston, L., Craske, M. G., et al. (2011). Transdiagnostic internet treatment for anxiety and depression: a randomised controlled trial. Behaviour Research and Therapy, 49, 441–452.";"Titov_2011_cbt_wl_NA_NA_msd_gad-7_self-report_post_NA";NA;NA;NA;NA;NA;NA
"106";"Torres, 2019";"0,86";"0,29";"3rd";"cau";NA;NA;"msd";"co";"phq9";"self-report";"post";"dep";69;"4,4";27;117;"6,4";26;NA;NA;NA;NA;NA;NA;32;29;NA;NA;NA;NA;NA;NA;148;"4,9";27;157;"5,1";26;NA;NA;2019;"n";"grp";NA;8;"can";"old";68;"0,72";"clin";"cut";"old";1;1;"sr";0;3;2;0;1;NA;"Torres-Platas SG, Escobar S, Belliveau C, Wu J, Sasi N, Fotso J, et al. Mindfulness-Based Cognitive Therapy Intervention for the Treatment of Late-Life Depression and Anxiety Symptoms in Primary Care: A Randomized Controlled Trial. and Psychosomatics. 2019;88(4):254-6.";"Torres_2019_3rd_cau_NA_NA_msd_phq9_self-report_post_NA";NA;NA;NA;NA;NA;NA
"107";"Torres, 2019";"1,10";"0,30";"3rd";"cau";NA;NA;"msd";"co";"gad-7";"self-report";"post";"anx";5;"4,1";27;106;"5,8";26;NA;NA;NA;NA;NA;NA;32;29;NA;NA;NA;NA;NA;NA;114;"3,8";27;126;"5,1";26;NA;NA;2019;"n";"grp";NA;8;"can";"old";68;"0,72";"clin";"cut";"old";1;1;"sr";0;3;2;0;0;NA;"Torres-Platas SG, Escobar S, Belliveau C, Wu J, Sasi N, Fotso J, et al. Mindfulness-Based Cognitive Therapy Intervention for the Treatment of Late-Life Depression and Anxiety Symptoms in Primary Care: A Randomized Controlled Trial. and Psychosomatics. 2019;88(4):254-6.";"Torres_2019_3rd_cau_NA_NA_msd_gad-7_self-report_post_NA";NA;NA;NA;NA;NA;NA
"108";"Trimmer, 2018";"0,39";"0,40";"cbt";"cau";NA;NA;"msd";"co";"hads";"self-report";"post";"mix";174;"6,1";13;202;"7,8";12;NA;NA;NA;NA;NA;NA;14;14;NA;NA;NA;NA;NA;NA;195;"5,4";14;2357;"6,3";14;NA;NA;2018;"n";"grp";NA;9;"can";"adul";43;"0,54";"clin";"mdd";"adul";1;0;"sr";0;3;2;0;0;NA;"Trimmer C, Tyo R, Pikard J, McKenna C, Naeem F. Low-Intensity Cognitive Behavioural Therapy-Based Music Group (CBT-Music) for the Treatment of Symptoms of Anxiety and Depression: A Feasibility Study. Behavioural and cognitive psychotherapy. 2018;46(2):168-81.";"Trimmer_2018_cbt_cau_NA_NA_msd_hads_self-report_post_NA";NA;NA;NA;NA;NA;NA
"109";"Trimmer, 2018";"0,53";"0,41";"cbt";"cau";NA;NA;"msd";"co";"hads-a";"self-report";"post";"anx";99;"2,9";13;117;"3,6";12;NA;NA;NA;NA;NA;NA;14;14;NA;NA;NA;NA;NA;NA;1157;"3,5";14;1343;"3";14;NA;NA;2018;"n";"grp";NA;9;"can";"adul";43;"0,54";"clin";"mdd";"adul";1;0;"sr";0;3;2;0;0;NA;"Trimmer C, Tyo R, Pikard J, McKenna C, Naeem F. Low-Intensity Cognitive Behavioural Therapy-Based Music Group (CBT-Music) for the Treatment of Symptoms of Anxiety and Depression: A Feasibility Study. Behavioural and cognitive psychotherapy. 2018;46(2):168-81.";"Trimmer_2018_cbt_cau_NA_NA_msd_hads-a_self-report_post_NA";NA;NA;NA;NA;NA;NA
"110";"Trimmer, 2018";"0,26";"0,40";"cbt";"cau";NA;NA;"msd";"co";"hads-d";"self-report";"post";"dep";74;"3,7";13;85;"4,5";12;NA;NA;NA;NA;NA;NA;14;14;NA;NA;NA;NA;NA;NA;793;"3,2";14;1014;"4,1";14;NA;NA;2018;"n";"grp";NA;9;"can";"adul";43;"0,54";"clin";"mdd";"adul";1;0;"sr";0;3;2;0;1;NA;"Trimmer C, Tyo R, Pikard J, McKenna C, Naeem F. Low-Intensity Cognitive Behavioural Therapy-Based Music Group (CBT-Music) for the Treatment of Symptoms of Anxiety and Depression: A Feasibility Study. Behavioural and cognitive psychotherapy. 2018;46(2):168-81.";"Trimmer_2018_cbt_cau_NA_NA_msd_hads-d_self-report_post_NA";NA;NA;NA;NA;NA;NA
"111";"Troeung, 2014";"0,88";"0,56";"cbt";"wl";NA;NA;"msd";"itt";"dass-d";"self-report";"post";"dep";628;"2,56";7;1071;"6,13";7;NA;NA;NA;NA;NA;NA;11;7;NA;NA;NA;NA;NA;NA;11;"3,69";7;11;"5,17";7;NA;NA;2014;"n";"grp";NA;8;"au";"adul";66;"0,33";"com";"mdd";"med";1;1;"sr";1;4;2;0;1;"1 had PTSD";"Troeung L, Egan SJ, Gasson N. A waitlist-controlled trial of group cognitive behavioural therapy for depression and anxiety in Parkinson's disease. BMC psychiatry. 2014;14(1).";"Troeung_2014_cbt_wl_NA_NA_msd_dass-d_self-report_post_NA";NA;NA;NA;NA;NA;NA
"112";"Troeung, 2014";"0,62";"0,55";"cbt";"wl";NA;NA;"msd";"itt";"dass-a";"self-report";"post";"anx";538;"2,56";7;786;"4,63";7;NA;NA;NA;NA;NA;NA;11;7;NA;NA;NA;NA;NA;NA;9;"2,31";7;814;"4,84";7;NA;NA;2014;"n";"grp";NA;8;"au";"adul";66;"0,33";"com";"mdd";"med";1;1;"sr";1;4;2;0;0;NA;"Troeung L, Egan SJ, Gasson N. A waitlist-controlled trial of group cognitive behavioural therapy for depression and anxiety in Parkinson's disease. BMC psychiatry. 2014;14(1).";"Troeung_2014_cbt_wl_NA_NA_msd_dass-a_self-report_post_NA";NA;NA;NA;NA;NA;NA
"113";"Van Beek, 2013";"0,09";"0,19";"cbt";"cau";NA;NA;"msd";"itt";"hads-d";"self-report";"post";"dep";157;"4,7";60;161;"4,5";53;NA;NA;NA;NA;NA;NA;60;53;NA;NA;NA;NA;NA;NA;181;"4";60;173;"3,7";53;NA;NA;2013;"n";"ind";NA;6;"eu";"adul";49;"0,43";"oth";"mdd";"med";1;1;"1";1;4;2;0;0;NA;"van Beek MHCT, Voshaar RCO, Beek AM, van Zijderveld GA, Visser S, Speckens AEM, et al. A brief cognitive‐behavioral intervention for treating depression and panic disorder in patients with noncardiac chest pain: A 24‐week randomized controlled trial. Depression and anxiety. 2013;30(7):670-8.";"VanBeek_2013_cbt_cau_NA_NA_msd_hads-d_self-report_post_NA";NA;NA;NA;NA;NA;NA
"114";"Van Beek, 2013";"0,10";"0,19";"cbt";"cau";NA;NA;"msd";"itt";"hads-a";"self-report";"post";"anx";167;"5,3";60;172;"4,4";53;NA;NA;NA;NA;NA;NA;60;53;NA;NA;NA;NA;NA;NA;198;"3,4";60;186;"3,8";53;NA;NA;2013;"n";"ind";NA;6;"eu";"adul";49;"0,43";"oth";"mdd";"med";1;1;"1";1;4;2;0;0;NA;"van Beek MHCT, Voshaar RCO, Beek AM, van Zijderveld GA, Visser S, Speckens AEM, et al. A brief cognitive‐behavioral intervention for treating depression and panic disorder in patients with noncardiac chest pain: A 24‐week randomized controlled trial. Depression and anxiety. 2013;30(7):670-8.";"VanBeek_2013_cbt_cau_NA_NA_msd_hads-a_self-report_post_NA";NA;NA;NA;NA;NA;NA
"115";"Van Beek, 2013";"0,37";"0,19";"cbt";"cau";NA;NA;"msd";"itt";"hamd";"clinician";"post";"dep";135;"9,8";60;166;"6,5";53;NA;NA;NA;NA;NA;NA;60;53;NA;NA;NA;NA;NA;NA;192;"5,9";60;176;"5,6";53;NA;NA;2013;"n";"ind";NA;6;"eu";"adul";49;"0,43";"oth";"mdd";"med";1;1;"1";1;4;2;0;1;NA;"van Beek MHCT, Voshaar RCO, Beek AM, van Zijderveld GA, Visser S, Speckens AEM, et al. A brief cognitive‐behavioral intervention for treating depression and panic disorder in patients with noncardiac chest pain: A 24‐week randomized controlled trial. Depression and anxiety. 2013;30(7):670-8.";"VanBeek_2013_cbt_cau_NA_NA_msd_hamd_clinician_post_NA";NA;NA;NA;NA;NA;NA
"116";"Van Beek, 2013";"0,20";"0,19";"cbt";"cau";NA;NA;"msd";"itt";"FQ";"self-report";"post";"anx";285;"25,6";60;339;"27,1";53;NA;NA;NA;NA;NA;NA;60;53;NA;NA;NA;NA;NA;NA;349;"23,4";60;358;"26,5";53;NA;NA;2013;"n";"ind";NA;6;"eu";"adul";49;"0,43";"oth";"mdd";"med";1;1;"1";1;4;2;0;0;NA;"van Beek MHCT, Voshaar RCO, Beek AM, van Zijderveld GA, Visser S, Speckens AEM, et al. A brief cognitive‐behavioral intervention for treating depression and panic disorder in patients with noncardiac chest pain: A 24‐week randomized controlled trial. Depression and anxiety. 2013;30(7):670-8.";"VanBeek_2013_cbt_cau_NA_NA_msd_FQ_self-report_post_NA";NA;NA;NA;NA;NA;NA
"117";"Van Beek, 2013";"-0,04";"0,19";"cbt";"cau";NA;NA;"msd";"itt";"stai-state";"self-report";"post";"anx";466;"14,4";60;461;"13";53;NA;NA;NA;NA;NA;NA;60;53;NA;NA;NA;NA;NA;NA;524;"11,8";60;487;"12,2";53;NA;NA;2013;"n";"ind";NA;6;"eu";"adul";49;"0,43";"oth";"mdd";"med";1;1;"1";1;4;2;0;0;NA;"van Beek MHCT, Voshaar RCO, Beek AM, van Zijderveld GA, Visser S, Speckens AEM, et al. A brief cognitive‐behavioral intervention for treating depression and panic disorder in patients with noncardiac chest pain: A 24‐week randomized controlled trial. Depression and anxiety. 2013;30(7):670-8.";"VanBeek_2013_cbt_cau_NA_NA_msd_stai-state_self-report_post_NA";NA;NA;NA;NA;NA;NA
"118";"Van Beek, 2013";"0,08";"0,19";"cbt";"cau";NA;NA;"msd";"itt";"stai-trait";"self-report";"post";"anx";49;"12,6";60;50;"12,8";53;NA;NA;NA;NA;NA;NA;60;53;NA;NA;NA;NA;NA;NA;551;"11";60;509;"11,7";53;NA;NA;2013;"n";"ind";NA;6;"eu";"adul";49;"0,43";"oth";"mdd";"med";1;1;"1";1;4;2;0;0;NA;"van Beek MHCT, Voshaar RCO, Beek AM, van Zijderveld GA, Visser S, Speckens AEM, et al. A brief cognitive‐behavioral intervention for treating depression and panic disorder in patients with noncardiac chest pain: A 24‐week randomized controlled trial. Depression and anxiety. 2013;30(7):670-8.";"VanBeek_2013_cbt_cau_NA_NA_msd_stai-trait_self-report_post_NA";NA;NA;NA;NA;NA;NA
"119";"Wuthrich, 2019";"1,07";"0,65";"cbt";"wl";NA;NA;"msd";"co";"gds";"self-report";"post";"dep";35;"2,88";6;8;"4,8";5;NA;NA;NA;NA;NA;NA;6;5;NA;NA;NA;NA;NA;NA;624;"3,22";6;78;"5,54";5;NA;NA;2019;"n";"tel";NA;10;"au";"old";69;"0,36";"oth";"cut";"med";1;1;"sr";0;3;2;0;1;NA;"Wuthrich VM, Rapee RM. Telephone-Delivered Cognitive Behavioural Therapy for Treating Symptoms of Anxiety and Depression in Parkinson's Disease: A Pilot Trial. Clin Gerontol. 2019 Jul-Sep;42(4):444-453. doi: 10.1080/07317115.2019.1580811.";"Wuthrich_2019_cbt_wl_NA_NA_msd_gds_self-report_post_NA";NA;NA;NA;NA;NA;NA
"120";"Wuthrich, 2019";"0,58";"0,62";"cbt";"wl";NA;NA;"msd";"co";"gai";"self-report";"post";"anx";733;"5,5";6;114;"7,4";5;NA;NA;NA;NA;NA;NA;6;5;NA;NA;NA;NA;NA;NA;933;"5,65";6;96;"7,37";5;NA;NA;2019;"n";"tel";NA;10;"au";"old";69;"0,36";"oth";"cut";"med";1;1;"sr";0;3;2;0;0;NA;"Wuthrich VM, Rapee RM. Telephone-Delivered Cognitive Behavioural Therapy for Treating Symptoms of Anxiety and Depression in Parkinson's Disease: A Pilot Trial. Clin Gerontol. 2019 Jul-Sep;42(4):444-453. doi: 10.1080/07317115.2019.1580811.";"Wuthrich_2019_cbt_wl_NA_NA_msd_gai_self-report_post_NA";NA;NA;NA;NA;NA;NA
"121";"Yorke, 2016";"-0,14";"0,36";"cbt";"cau";NA;NA;"change";"co";"hads-a";"self-report";"post";"anx";NA;NA;NA;NA;NA;NA;NA;NA;NA;NA;NA;NA;23;21;"-2";"3,2";13;-26;47;18;NA;NA;NA;NA;NA;NA;NA;NA;2016;"n";"grp";NA;8;"uk";"adul";47;"0,57";"oth";"cut";"med";1;1;"sr";0;3;2;0;0;NA;"Yorke J, Adair P, Doyle AM, Dubrow-Marshall L, Fleming S, Holmes L, et al. A randomised controlled feasibility trial of Group Cognitive Behavioural Therapy for people with severe asthma. Journal of Asthma. 2016:0.";"Yorke_2016_cbt_cau_NA_NA_change_hads-a_self-report_post_NA";NA;NA;NA;NA;NA;NA
"122";"Yorke, 2016";"0,16";"0,36";"cbt";"cau";NA;NA;"change";"co";"hads-d";"self-report";"post";"dep";NA;NA;NA;NA;NA;NA;NA;NA;NA;NA;NA;NA;23;21;"-2,3";"3";13;-17;41;18;NA;NA;NA;NA;NA;NA;NA;NA;2016;"n";"grp";NA;8;"uk";"adul";47;"0,57";"oth";"cut";"med";1;1;"sr";0;3;2;0;1;NA;"Yorke J, Adair P, Doyle AM, Dubrow-Marshall L, Fleming S, Holmes L, et al. A randomised controlled feasibility trial of Group Cognitive Behavioural Therapy for people with severe asthma. Journal of Asthma. 2016:0.";"Yorke_2016_cbt_cau_NA_NA_change_hads-d_self-report_post_NA";NA;NA;NA;NA;NA;NA
